,Goal,Shot,Blocked Shot,Faceoff,Takeaway,Giveaway,Hit,Missed Shot,Penalty,Stoppage,Period Start,Official Challenge,won
0,0,1,1,1,0,0,1,0,0,0,,,no
1,0,2,2,2,1,0,4,0,0,0,,,yes
2,0,1,0,2,0,0,0,1,0,0,,,no
3,0,0,0,1,0,0,1,0,0,0,,,yes
4,0,2,1,0,0,2,4,0,0,0,,,no
5,0,0,0,1,0,0,0,0,0,0,,,yes
6,0,1,0,4,0,1,1,1,0,0,,,yes
7,0,1,0,1,0,0,0,0,0,0,,,no
8,0,1,1,3,0,0,1,0,1,0,,,yes
9,0,0,0,0,0,0,0,0,0,0,,,no
10,0,2,0,2,0,0,2,0,0,0,,,yes
11,0,0,0,0,0,0,2,0,0,0,,,no
12,0,0,0,1,0,1,0,0,0,0,,,no
13,0,0,1,0,0,3,0,2,0,0,,,no
14,0,2,1,2,0,0,0,0,0,0,,,yes
15,0,1,1,0,1,0,1,1,1,0,,,no
16,0,0,0,2,0,0,0,0,0,0,,,no
17,0,2,0,0,0,1,2,0,0,0,,,yes
18,0,1,0,2,0,0,0,0,0,0,,,yes
19,0,2,0,1,0,0,2,1,0,0,,,no
20,0,1,2,0,1,0,0,1,0,0,,,no
21,0,0,0,1,0,0,0,1,0,0,,,yes
22,0,1,0,1,0,0,1,0,0,0,,,no
23,0,0,0,2,1,1,1,0,0,0,,,yes
24,0,1,0,0,1,0,1,0,0,0,,,no
25,0,3,0,1,0,0,3,0,0,0,,,yes
26,0,2,0,1,0,0,1,0,0,0,,,no
27,0,0,1,0,0,0,2,0,0,0,,,no
28,0,0,0,1,0,0,2,0,0,0,,,no
29,1,2,0,3,0,0,0,0,0,0,,,yes
30,0,0,0,0,0,0,1,0,1,0,,,yes
31,0,1,0,2,0,0,1,0,0,0,,,no
32,0,0,0,2,0,0,1,0,0,0,,,yes
33,0,3,0,2,1,0,1,0,0,0,,,no
34,0,1,0,3,0,0,3,2,0,0,,,no
35,0,0,0,1,0,0,1,0,0,0,,,yes
36,0,1,0,1,0,0,0,0,0,0,,,no
37,0,1,0,0,0,1,0,1,0,0,,,yes
38,0,2,1,3,0,2,1,1,0,0,,,no
39,1,1,1,2,0,0,0,0,0,0,,,yes
40,0,1,0,0,0,0,2,0,0,0,,,no
41,0,0,0,1,0,0,3,1,0,0,,,yes
42,0,1,0,0,0,0,0,0,1,0,,,no
43,0,0,0,3,1,0,1,0,0,0,,,yes
44,0,0,0,3,0,0,1,1,1,0,,,no
45,0,1,0,1,1,0,1,1,1,0,,,yes
46,0,1,0,0,1,0,2,0,0,0,,,no
47,0,1,0,1,0,0,0,0,0,0,,,yes
48,0,0,0,1,0,1,0,1,0,0,,,no
49,0,0,0,1,0,0,2,0,0,0,,,yes
50,0,4,0,2,0,0,0,0,0,0,,,no
51,0,0,0,1,0,0,1,0,1,0,,,yes
52,0,1,0,0,0,0,1,0,0,0,,,yes
53,0,0,0,2,0,0,1,0,0,0,,,no
54,0,1,0,1,0,1,2,0,0,0,,,no
55,0,1,1,0,0,0,2,1,0,0,,,yes
56,0,0,0,2,0,0,2,1,0,0,,,yes
57,0,0,1,0,0,0,1,0,0,0,,,no
58,0,1,0,0,1,0,1,0,0,0,,,no
59,0,1,0,2,1,2,1,1,1,0,,,yes
60,0,1,0,1,1,0,2,0,0,0,,,no
61,0,3,0,1,1,0,0,1,0,0,,,yes
62,1,1,0,2,0,0,0,0,0,0,,,yes
63,0,0,1,3,0,0,0,1,0,0,,,no
64,0,1,0,0,0,0,1,0,0,0,,,no
65,0,0,1,1,0,0,2,0,0,0,,,yes
66,0,0,0,0,0,0,1,0,1,0,,,no
67,0,1,1,3,0,0,0,0,0,0,,,yes
68,0,0,0,5,0,0,2,0,0,0,,,no
69,1,1,1,2,0,0,0,0,0,0,,,no
70,0,1,0,2,0,1,1,0,0,0,,,no
71,0,1,0,2,0,1,1,0,0,0,,,yes
72,0,2,0,1,0,0,1,0,0,0,,,yes
73,0,0,1,2,0,1,0,0,0,0,,,no
74,0,0,0,0,0,1,0,0,0,0,,,yes
75,0,5,0,4,0,0,0,0,0,0,,,no
76,0,0,0,1,0,0,0,0,0,0,,,no
77,0,1,0,1,0,0,1,0,0,0,,,yes
78,0,1,0,1,0,0,0,0,1,0,,,yes
79,0,4,0,3,0,0,1,1,1,0,,,no
80,0,1,0,2,0,1,3,0,0,0,,,no
81,0,2,0,0,2,0,0,0,0,0,,,yes
82,0,1,0,2,1,0,0,0,0,0,,,no
83,0,0,0,1,0,0,0,0,0,0,,,yes
84,0,1,2,1,0,0,2,0,0,0,,,yes
85,0,0,0,1,0,0,1,0,0,0,,,no
86,0,0,0,2,1,0,2,1,0,0,,,no
87,0,0,1,1,0,0,3,0,0,0,,,yes
88,0,0,0,0,0,0,1,0,0,0,,,no
89,0,1,0,3,0,0,1,0,0,0,,,yes
90,1,1,0,2,0,0,0,0,0,0,,,yes
91,0,0,1,1,0,0,1,0,1,0,,,no
92,0,0,1,3,0,0,0,0,0,0,,,no
93,0,1,1,2,0,0,1,0,0,0,,,yes
94,0,1,0,0,0,0,2,0,0,0,,,yes
95,0,0,0,2,0,0,1,0,0,0,,,no
96,0,0,0,1,0,1,1,0,0,0,,,no
97,0,1,0,0,1,1,2,1,0,0,,,yes
98,0,0,0,1,0,0,4,0,0,0,,,no
99,0,0,0,1,0,0,2,0,0,0,,,yes
100,0,1,2,2,1,0,0,0,0,0,,,no
101,0,0,0,2,0,0,1,0,0,0,,,yes
102,0,1,0,0,0,0,0,2,0,0,,,yes
103,0,0,0,1,0,0,0,0,0,0,,,no
104,0,1,0,0,0,1,1,0,0,0,,,yes
105,0,6,0,2,0,0,0,0,0,0,,,no
106,0,1,0,1,0,0,0,0,0,0,,,yes
107,0,0,0,0,0,1,1,0,0,0,,,no
108,0,2,0,1,0,0,0,0,0,0,,,no
109,0,2,0,1,0,0,0,0,0,0,,,no
110,0,1,0,2,0,1,1,0,0,0,,,yes
111,0,1,0,0,0,0,1,0,0,0,,,no
112,0,0,1,2,0,0,0,0,1,0,,,no
113,0,0,0,0,0,0,0,0,0,0,,,no
114,0,1,0,1,0,0,3,1,0,0,,,no
115,0,0,2,1,0,0,1,0,0,0,,,yes
116,0,3,0,1,0,2,0,0,0,0,,,yes
117,0,0,0,1,0,0,1,0,1,0,,,no
118,0,0,0,0,2,1,0,1,0,0,,,no
119,0,1,1,3,0,1,2,0,0,0,,,no
120,0,0,0,1,0,1,0,0,0,0,,,no
121,0,0,1,0,0,0,1,1,0,0,,,yes
122,0,0,0,1,0,1,0,1,0,0,,,yes
123,0,3,0,1,0,0,1,4,0,0,,,no
124,0,1,0,0,0,0,2,0,0,0,,,yes
125,1,1,0,3,1,0,1,0,0,0,,,no
126,0,2,2,4,0,0,0,0,0,0,,,yes
127,0,2,1,0,0,1,2,0,0,0,,,no
128,1,2,0,1,0,1,0,0,0,0,,,yes
129,0,0,1,1,0,0,3,1,0,0,,,no
130,0,1,0,1,0,0,2,0,0,0,,,no
131,0,0,1,1,0,1,1,1,0,0,,,yes
132,0,1,1,1,0,0,0,0,0,0,,,no
133,0,0,0,1,0,1,0,0,0,0,,,no
134,0,1,0,0,0,0,1,1,0,0,,,no
135,0,0,0,3,0,0,1,0,0,0,,,no
136,0,1,1,1,0,1,1,0,0,0,,,no
137,0,1,0,1,0,1,1,0,0,0,,,yes
138,0,0,0,0,0,0,0,1,0,0,,,no
139,0,0,1,2,1,3,1,0,0,0,,,yes
140,0,3,0,2,0,0,0,0,0,0,0.0,,no
141,0,0,3,0,0,0,0,1,1,0,,,yes
142,0,1,0,1,0,0,0,0,0,0,,,no
143,0,0,1,1,0,2,4,0,0,0,,,yes
144,0,0,1,1,0,1,2,1,0,0,,,no
145,0,0,1,1,1,0,0,1,0,0,,,yes
146,0,3,0,3,0,0,2,0,0,0,,,yes
147,0,0,1,2,0,0,1,0,1,0,,,no
148,0,0,1,0,0,0,1,1,0,0,,,no
149,0,0,0,2,0,0,0,0,0,0,,,yes
150,0,1,1,2,1,1,3,0,0,0,,,no
151,0,0,0,0,0,0,1,0,0,0,,,yes
152,0,0,0,1,0,0,1,0,0,0,,,no
153,0,0,0,1,0,0,2,0,0,0,,,yes
154,0,0,0,2,0,0,1,0,0,0,,,no
155,0,2,0,2,0,0,3,0,0,0,,,yes
156,0,1,0,1,1,0,1,1,0,0,,,no
157,0,0,1,1,0,1,1,0,0,0,,,yes
158,0,1,0,1,0,0,2,1,0,0,,,yes
159,0,0,0,0,0,1,3,0,0,0,,,no
160,0,0,0,2,0,0,1,0,0,0,,,no
161,0,2,0,1,2,0,0,0,0,0,,,yes
162,0,2,1,0,0,0,1,1,0,0,,,no
163,0,1,0,3,0,0,2,0,0,0,,,no
164,0,0,0,2,0,0,2,0,0,0,,,no
165,0,1,0,0,1,0,2,0,0,0,,,yes
166,0,0,0,3,0,0,0,2,0,0,,,no
167,0,2,0,1,0,1,1,0,1,0,,,yes
168,0,2,0,1,0,0,1,1,0,0,,,yes
169,0,1,0,1,0,0,1,0,0,0,,,no
170,0,1,2,1,0,0,0,0,0,0,,,yes
171,0,4,0,3,0,0,3,0,0,0,,,no
172,0,0,0,0,1,0,0,0,0,0,,,yes
173,0,1,0,1,0,0,1,2,0,0,,,no
174,0,3,0,3,0,0,0,0,0,0,,,yes
175,0,0,0,2,0,0,0,0,0,0,,,no
176,0,0,3,0,0,0,1,0,0,0,,,no
177,0,0,1,1,0,1,1,0,0,0,,,yes
178,0,0,0,1,0,1,0,1,0,0,,,yes
179,0,0,0,1,0,0,0,1,0,0,,,no
180,0,0,2,0,0,0,0,1,0,0,,,no
181,1,1,1,3,0,0,1,0,0,0,,,yes
182,0,1,0,2,1,0,0,1,0,0,,,no
183,0,1,0,2,0,0,1,0,0,0,,,yes
184,0,1,0,1,0,0,2,0,0,0,,,no
185,0,3,0,1,0,0,1,0,0,0,,,yes
186,0,2,0,1,0,0,1,0,0,0,,,no
187,0,0,0,0,0,0,1,0,0,0,,,yes
188,0,1,2,0,0,0,0,0,1,0,,,yes
189,0,2,0,4,0,0,0,0,0,0,,,no
190,0,1,1,0,0,0,1,0,0,0,,,no
191,0,0,0,2,0,0,1,1,0,0,,,yes
192,0,2,0,1,0,0,1,1,0,0,,,yes
193,0,1,1,3,2,2,1,0,0,0,,,no
194,0,2,0,0,0,0,0,0,0,0,,,no
195,0,0,0,1,0,1,0,0,0,0,,,no
196,0,0,2,2,0,1,0,0,0,0,,,no
197,0,4,0,4,1,0,1,0,0,0,,,yes
198,1,0,0,3,0,0,0,0,0,0,,,no
199,0,1,0,3,0,0,1,0,1,0,,,yes
200,0,0,0,0,0,0,0,2,0,0,,,yes
201,0,0,0,8,0,0,2,0,0,0,,,no
202,0,1,0,2,0,0,0,1,0,0,,,yes
203,0,0,0,2,0,1,0,0,1,0,,,no
204,0,0,0,1,1,0,1,0,0,0,,,no
205,0,1,0,3,0,0,1,2,0,0,,,yes
206,0,1,0,1,1,0,0,0,0,0,,,no
207,0,1,0,2,0,0,1,0,0,0,,,yes
208,0,0,0,0,0,0,1,0,0,0,,,yes
209,0,1,0,2,1,0,0,0,0,0,,,no
210,0,3,0,1,1,0,0,1,0,0,,,no
211,0,3,0,1,0,0,1,0,0,0,,,no
212,0,0,0,0,0,0,0,0,0,0,,,no
213,0,1,0,1,0,0,0,2,0,0,,,no
214,0,3,0,2,0,0,2,0,0,0,,,no
215,0,0,0,1,0,1,1,0,0,0,,,yes
216,0,1,1,0,0,0,1,1,1,0,0.0,,no
217,0,1,0,2,0,0,1,0,0,0,,,yes
218,0,2,0,3,0,0,0,0,0,0,,,yes
219,0,0,0,0,0,1,1,0,0,0,,,no
220,0,2,0,1,0,0,1,0,0,0,0.0,,yes
221,0,2,0,0,0,0,1,0,0,0,,,no
222,0,0,0,1,0,1,2,0,0,0,,,no
223,0,0,0,0,0,0,0,1,0,0,,,yes
224,0,0,0,2,1,0,0,1,0,0,,,no
225,0,2,0,1,1,0,2,1,1,0,,,yes
226,0,2,0,1,0,0,0,3,0,0,,,no
227,0,0,0,1,0,0,3,0,0,0,,,no
228,0,2,0,1,1,1,2,0,0,0,,,no
229,0,2,0,0,0,0,0,0,0,0,,,yes
230,0,0,0,1,0,2,1,1,0,0,,,yes
231,0,0,1,1,0,0,1,0,0,0,,,no
232,0,1,0,1,0,0,2,0,0,0,,,no
233,0,0,0,0,0,1,1,0,0,0,,,yes
234,0,1,0,3,0,2,1,1,1,0,,,no
235,0,1,1,0,0,0,1,1,1,0,,,yes
236,0,0,1,0,0,0,1,0,0,0,0.0,,no
237,0,2,0,1,0,1,0,0,0,0,,,yes
238,0,0,1,1,1,0,2,2,0,0,,,no
239,0,0,0,1,0,2,0,1,0,0,,,yes
240,0,0,0,1,1,0,1,0,0,0,0.0,,no
241,0,0,0,0,0,0,2,0,0,0,,,yes
242,0,1,0,1,0,1,0,1,0,0,,,no
243,0,0,0,2,1,0,1,0,1,0,,,yes
244,0,0,1,2,0,1,0,1,0,0,,,yes
245,0,1,0,1,0,0,0,1,0,0,,,no
246,0,0,0,0,0,0,0,0,0,0,0.0,,no
247,0,0,0,0,1,0,0,0,0,0,,,no
248,0,2,0,2,0,0,0,0,0,0,,,yes
249,0,0,0,1,0,1,0,0,1,0,,,no
250,0,0,1,0,0,1,0,1,0,0,0.0,,no
251,0,1,0,0,0,0,0,2,0,0,,,yes
252,0,3,0,1,0,0,0,0,0,0,,,no
253,0,0,0,0,1,0,2,3,0,0,,,yes
254,0,0,0,1,0,0,1,1,0,0,,,no
255,0,1,0,1,0,1,1,1,0,0,,,yes
256,0,0,0,0,0,0,1,0,0,0,,,no
257,0,1,0,3,0,0,2,0,0,0,,,yes
258,0,0,0,3,0,0,0,1,0,0,,,yes
259,0,0,0,0,0,0,2,1,1,0,,,no
260,0,2,0,1,0,0,1,0,0,0,,,yes
261,0,1,1,2,0,0,1,0,0,0,,,no
262,1,0,1,3,0,3,2,0,0,0,,,yes
263,0,4,0,4,0,0,0,1,0,0,,,no
264,0,1,1,1,0,0,1,1,0,0,0.0,,no
265,0,0,0,0,1,1,0,0,0,0,,,yes
266,0,0,0,0,0,0,1,1,0,0,0.0,,yes
267,0,0,0,0,1,0,1,0,0,0,,,no
268,2,3,0,1,0,1,1,0,0,0,,,yes
269,0,0,0,4,0,1,2,0,0,0,,,no
270,1,0,0,2,0,0,0,0,0,0,0.0,,yes
271,0,0,0,2,0,1,1,1,0,0,,,no
272,0,0,0,0,0,1,4,0,0,0,0.0,,no
273,0,0,0,0,0,0,1,1,0,0,,,yes
274,0,2,0,1,0,0,1,0,1,0,,,no
275,1,2,1,4,0,0,2,1,0,0,,,no
276,0,0,2,1,0,0,0,0,1,0,,,yes
277,0,3,0,3,0,0,0,2,0,0,,,no
278,0,2,0,0,1,0,2,1,0,0,,,no
279,0,0,1,1,0,2,0,1,0,0,,,yes
280,0,1,0,1,0,0,1,1,0,0,0.0,,no
281,1,1,3,2,0,1,1,1,0,0,,,yes
282,0,0,0,2,0,0,0,1,0,0,,,no
283,0,3,2,1,0,0,0,0,0,0,,,yes
284,0,0,0,2,0,0,1,1,0,0,,,yes
285,0,0,1,2,0,1,1,0,0,0,,,no
286,0,0,1,1,1,0,0,0,0,0,0.0,,no
287,0,0,0,0,0,0,1,0,0,0,,,yes
288,0,3,0,0,0,0,1,2,0,0,,,yes
289,0,0,0,1,0,0,0,0,0,0,,,no
290,0,2,1,1,0,0,1,1,1,0,,,no
291,0,0,0,2,0,0,1,0,0,0,,,yes
292,0,0,1,2,0,0,0,0,0,0,0.0,,no
293,1,0,0,1,0,2,1,0,0,0,,,yes
294,0,0,0,1,0,0,0,0,0,0,,,no
295,0,0,1,0,1,0,2,0,0,0,,,no
296,0,1,0,1,0,0,1,1,0,0,,,yes
297,0,1,0,0,0,1,5,0,0,0,,,no
298,0,0,1,1,0,0,0,0,0,0,,,no
299,0,1,0,1,0,0,2,0,0,0,,,yes
300,0,2,0,0,0,0,1,3,0,0,,,yes
301,0,0,0,2,0,2,4,0,0,0,,,no
302,0,2,0,0,1,0,0,1,0,0,0.0,,yes
303,0,0,1,0,0,0,2,0,0,0,,,no
304,0,3,0,2,0,1,1,0,0,0,,,no
305,0,1,0,1,0,0,1,1,0,0,,,no
306,0,1,1,0,0,0,0,0,1,0,,,no
307,0,0,0,2,0,0,1,0,0,0,,,yes
308,0,0,1,1,0,1,2,0,0,0,,,no
309,0,1,0,1,0,1,1,1,0,0,,,yes
310,0,1,1,1,0,0,1,0,0,0,,,no
311,0,2,0,1,1,0,1,1,0,0,,,yes
312,0,0,0,0,0,0,5,0,0,0,,,no
313,0,0,1,2,1,0,1,0,0,0,,,yes
314,0,1,0,2,0,0,3,0,0,0,,,no
315,0,1,0,0,1,0,0,2,0,0,,,yes
316,1,0,0,2,0,0,2,0,0,0,,,yes
317,0,0,1,1,1,0,0,1,0,0,,,no
318,0,0,0,2,0,0,0,0,0,0,,,no
319,1,1,0,2,0,0,2,2,0,0,,,yes
320,0,0,1,4,0,0,0,0,1,0,,,yes
321,0,2,0,3,0,0,2,0,1,0,,,no
322,0,3,0,0,1,0,0,0,0,0,,,yes
323,0,0,0,2,1,0,1,0,0,0,,,no
324,0,0,1,2,0,0,1,1,0,0,,,no
325,0,1,0,0,0,0,0,0,0,0,,,yes
326,0,1,0,3,0,0,0,0,0,0,,,no
327,1,2,1,1,1,0,2,0,0,0,,,yes
328,0,0,0,2,0,1,0,1,0,0,,,yes
329,1,2,0,2,0,0,1,0,0,0,,,no
330,0,0,0,1,0,0,2,0,0,0,,,no
331,0,3,1,3,0,0,2,0,0,0,,,yes
332,0,0,1,0,0,0,2,0,0,0,0.0,,no
333,0,2,0,1,0,1,3,0,0,0,,,yes
334,1,1,1,2,0,0,0,0,1,0,,,no
335,0,0,0,1,2,1,0,0,0,0,,,yes
336,0,4,0,2,0,0,1,0,0,0,,,yes
337,0,0,1,0,0,0,0,0,0,0,,,no
338,0,1,0,0,0,1,2,0,0,0,,,yes
339,0,0,0,1,0,0,3,2,0,0,,,no
340,0,0,1,2,0,0,2,0,0,0,,,no
341,0,2,0,2,0,0,0,0,0,0,,,yes
342,0,1,1,0,0,0,0,0,0,0,,,no
343,0,1,0,3,0,0,0,0,0,0,,,yes
344,0,0,1,1,0,0,0,0,0,0,,,yes
345,0,0,0,2,0,0,0,1,0,0,,,no
346,0,0,0,1,0,1,1,0,0,0,,,yes
347,0,1,0,1,0,0,2,1,0,0,,,no
348,0,2,0,0,0,0,2,1,0,0,0.0,,no
349,0,0,1,0,0,1,2,0,0,0,,,yes
350,0,1,0,2,0,1,0,1,0,0,,,no
351,0,1,1,2,0,0,2,0,0,0,,,yes
352,0,0,0,2,1,0,0,0,0,0,,,no
353,1,1,0,1,1,0,0,0,0,0,,,yes
354,0,2,1,1,0,1,2,0,0,0,,,no
355,0,0,2,1,0,0,1,0,0,0,,,no
356,0,1,0,1,1,0,1,0,0,0,,,no
357,0,0,1,1,1,0,0,0,1,0,,,yes
358,0,0,0,1,1,0,1,0,0,0,,,yes
359,0,0,0,1,1,1,3,1,0,0,,,no
360,0,0,1,2,0,1,0,0,0,0,,,no
361,0,2,0,1,0,1,0,0,0,0,,,yes
362,0,1,1,0,1,0,0,1,0,0,,,yes
363,0,0,1,3,0,0,2,1,0,0,,,no
364,0,0,1,1,0,1,1,0,0,0,,,yes
365,0,1,1,2,0,0,3,0,0,0,,,no
366,0,0,1,1,1,1,1,0,0,0,,,no
367,0,1,0,1,0,1,0,3,0,0,,,yes
368,0,2,0,1,0,0,1,0,0,0,0.0,,no
369,1,0,0,2,1,0,1,0,0,0,,,yes
370,0,2,1,5,0,1,1,1,0,0,,,no
371,1,0,0,1,0,0,0,1,0,0,,,yes
372,1,3,0,1,0,0,2,0,0,0,,,no
373,0,1,1,2,0,0,1,0,0,0,,,no
374,0,1,0,1,0,0,0,1,0,0,,,yes
375,0,0,0,1,0,0,0,0,0,0,,,no
376,0,2,0,1,1,0,2,0,0,0,,,yes
377,0,0,0,0,1,1,1,0,0,0,,,no
378,0,2,0,0,2,0,0,0,0,0,,,yes
379,0,0,0,2,0,0,0,1,0,0,,,no
380,0,0,0,2,2,2,1,0,0,0,,,no
381,0,1,1,2,0,2,1,0,0,0,,,yes
382,0,1,0,2,0,0,1,0,0,0,,,no
383,0,2,2,1,0,0,1,0,0,0,,,yes
384,0,1,1,1,0,0,1,0,0,0,,,yes
385,0,0,1,2,0,0,0,0,0,0,,,no
386,1,0,0,3,0,0,2,0,0,0,0.0,,no
387,0,4,0,2,0,1,1,0,0,0,,,yes
388,1,0,0,1,0,1,2,0,0,0,,,no
389,0,0,1,1,0,0,0,0,0,0,,,no
390,0,1,0,2,1,0,1,0,1,0,,,yes
391,0,0,1,1,0,2,1,0,0,0,,,no
392,0,0,1,1,0,1,1,0,0,0,,,no
393,0,2,0,3,0,0,1,0,0,0,,,yes
394,0,0,0,1,0,1,0,0,0,0,,,yes
395,0,1,0,0,1,0,2,0,0,0,,,no
396,0,1,0,2,0,1,3,0,2,0,,,yes
397,0,1,0,4,0,1,0,0,2,0,,,no
398,0,0,0,2,0,0,1,0,0,0,,,no
399,0,0,0,1,2,0,0,0,0,0,,,yes
400,0,4,2,4,0,0,4,0,0,0,,,no
401,0,4,0,0,0,2,2,0,0,0,,,yes
402,0,0,1,2,1,1,0,0,0,0,,,no
403,0,2,0,2,1,0,1,0,0,0,,,yes
404,0,1,0,2,0,0,1,1,0,0,,,no
405,0,1,1,0,0,1,0,0,1,0,,,yes
406,0,0,0,1,0,0,1,0,1,0,,,yes
407,0,0,0,1,0,0,2,1,0,0,,,no
408,0,0,0,0,0,0,3,0,0,0,,,yes
409,1,0,0,4,1,1,0,0,0,0,,,no
410,0,0,0,0,0,0,1,0,0,0,,,no
411,0,0,0,1,0,1,0,1,0,0,,,yes
412,0,1,1,0,0,0,0,0,0,0,,,no
413,0,2,0,2,0,0,1,0,0,0,,,yes
414,0,1,1,1,0,1,1,0,0,0,,,yes
415,0,0,0,1,0,1,1,1,0,0,,,no
416,0,0,0,2,1,0,0,0,1,0,,,no
417,0,2,0,0,0,0,0,0,0,0,,,yes
418,0,0,0,2,0,0,1,0,0,0,,,no
419,0,0,1,0,0,0,1,0,0,0,,,yes
420,1,1,0,2,0,0,1,0,0,0,,,no
421,0,2,1,0,1,2,1,0,0,0,,,no
422,0,0,1,1,0,1,2,0,0,0,,,yes
423,0,0,0,0,1,0,0,0,0,0,,,no
424,0,1,0,1,0,1,2,1,0,0,,,yes
425,1,0,0,2,0,0,1,0,0,0,,,no
426,0,1,0,1,0,0,0,0,0,0,,,yes
427,0,1,0,0,0,0,0,0,0,0,,,no
428,0,0,0,0,0,1,0,1,0,0,,,no
429,0,0,0,2,0,0,1,1,0,0,,,no
430,0,1,0,3,0,0,0,2,0,0,,,no
431,0,0,0,0,0,1,3,0,0,0,,,no
432,0,0,0,0,0,0,1,0,0,0,,,no
433,0,3,0,1,1,0,3,1,0,0,,,yes
434,0,1,0,0,0,0,2,1,0,0,,,yes
435,0,0,0,1,1,2,0,0,0,0,,,no
436,0,2,0,0,0,0,1,0,0,0,,,no
437,0,1,0,1,0,0,1,0,0,0,,,yes
438,0,1,0,3,0,0,2,1,0,0,,,yes
439,0,0,1,0,0,2,1,0,0,0,,,no
440,0,1,0,1,0,2,1,0,0,0,,,no
441,0,1,1,1,0,0,0,0,0,0,,,yes
442,0,1,2,2,0,0,0,0,1,0,,,yes
443,0,2,0,2,0,0,0,1,0,0,,,no
444,0,1,1,2,0,0,0,0,2,0,,,no
445,0,1,0,2,1,1,0,0,1,0,,,yes
446,0,1,0,1,0,0,0,0,0,0,,,yes
447,0,1,2,2,0,1,0,0,0,0,,,no
448,0,4,0,2,0,0,0,1,0,0,,,no
449,0,1,2,1,0,0,0,0,0,0,,,yes
450,0,2,0,0,0,0,1,1,0,0,,,yes
451,0,0,0,1,0,1,0,0,0,0,,,no
452,0,0,0,1,0,0,1,0,0,0,,,no
453,0,1,0,1,0,0,1,0,0,0,,,yes
454,0,0,0,1,0,0,0,0,1,0,,,yes
455,0,1,0,1,0,1,1,0,0,0,,,no
456,0,0,0,1,0,1,6,0,0,0,,,yes
457,0,0,0,0,0,0,0,0,0,0,,,no
458,0,2,0,3,1,0,1,0,0,0,,,no
459,0,1,0,2,0,0,1,0,0,0,,,yes
460,0,0,0,1,0,0,1,0,0,0,,,no
461,0,0,0,0,0,0,2,2,0,0,,,yes
462,0,0,0,2,0,0,3,0,0,0,,,yes
463,0,0,0,1,0,0,1,1,0,0,,,no
464,0,1,0,0,0,0,1,0,0,0,,,no
465,0,2,0,3,1,0,1,0,0,0,,,yes
466,0,0,0,2,0,0,0,0,0,0,,,yes
467,0,0,1,1,0,1,0,0,0,0,,,no
468,0,0,0,1,0,0,1,0,0,0,,,yes
469,0,1,1,0,0,0,0,1,0,0,,,no
470,0,0,1,0,0,1,1,0,0,0,,,yes
471,0,2,0,1,0,1,0,2,0,0,,,no
472,0,0,0,0,0,1,1,0,0,0,,,no
473,0,2,0,2,0,0,1,1,0,0,,,yes
474,0,0,1,1,0,0,0,0,0,0,,,no
475,0,1,0,0,1,1,1,1,0,0,,,no
476,0,0,0,2,0,0,0,0,0,0,,,yes
477,1,1,0,1,2,0,2,2,0,0,,,no
478,0,0,0,0,0,0,1,0,0,0,,,yes
479,0,2,1,3,0,1,0,0,0,0,,,no
480,0,0,0,1,1,2,2,0,0,0,,,yes
481,0,1,0,2,2,0,0,1,0,0,,,no
482,0,1,0,0,0,0,1,2,0,0,,,no
483,0,0,1,2,0,0,0,0,1,0,,,yes
484,0,0,2,2,1,0,1,0,1,0,,,no
485,0,0,0,2,1,0,0,1,0,0,,,yes
486,0,0,3,3,1,0,1,1,0,0,,,yes
487,0,2,0,2,2,0,1,0,0,0,,,no
488,0,0,0,1,0,0,0,2,0,0,,,yes
489,0,1,2,0,0,0,0,3,0,0,,,no
490,0,0,0,1,0,0,0,0,0,0,,,yes
491,0,2,0,2,0,0,1,3,0,0,,,no
492,0,0,1,0,1,1,1,1,0,0,,,yes
493,0,3,0,1,0,0,0,1,0,0,,,no
494,0,0,0,2,0,0,1,0,0,0,,,yes
495,0,1,0,1,1,0,1,1,0,0,,,no
496,0,0,1,2,0,0,2,0,1,0,,,yes
497,0,0,1,2,1,0,0,0,0,0,,,no
498,0,0,0,1,0,2,0,0,0,0,,,no
499,0,1,0,2,0,0,1,0,0,0,,,no
500,0,2,0,0,0,0,1,0,0,0,,,no
501,0,1,1,1,0,0,1,0,0,0,,,yes
502,1,2,0,4,0,0,0,2,0,0,,,no
503,0,0,2,0,0,1,2,0,0,0,,,yes
504,0,0,1,0,0,0,0,0,0,0,,,yes
505,0,1,1,1,0,0,0,0,0,0,,,no
506,0,1,3,1,0,1,0,0,0,0,,,yes
507,0,3,0,3,1,0,1,0,0,0,,,no
508,1,2,0,1,0,0,1,0,0,0,0.0,,no
509,0,2,1,2,1,0,0,1,0,0,,,yes
510,0,1,0,1,0,0,0,0,0,0,,,yes
511,0,1,0,1,0,0,1,0,0,0,,,no
512,0,0,0,2,0,0,1,1,1,0,,,yes
513,0,2,0,1,1,0,1,0,0,0,,,no
514,0,1,0,1,0,0,0,1,0,0,,,no
515,0,1,0,2,0,0,2,1,0,0,,,no
516,0,1,0,1,0,0,0,1,1,0,,,yes
517,0,1,0,2,0,0,0,0,1,0,,,no
518,0,1,0,2,1,0,1,1,1,0,,,no
519,0,0,0,4,0,0,1,0,0,0,,,yes
520,0,0,0,1,0,0,1,0,0,0,,,yes
521,0,1,0,1,0,0,0,1,0,0,,,no
522,0,0,0,0,0,0,1,1,0,0,,,no
523,0,0,0,1,1,1,1,1,0,0,,,yes
524,1,0,0,2,1,1,0,0,0,0,,,yes
525,0,0,1,1,0,0,0,0,0,0,,,no
526,0,2,0,0,0,0,0,0,0,0,,,no
527,0,0,3,1,2,3,0,0,0,0,,,yes
528,0,0,1,1,1,0,0,0,0,0,,,yes
529,0,0,0,1,1,1,2,0,0,0,,,no
530,0,1,1,6,0,2,1,0,0,0,,,no
531,1,1,1,0,1,0,1,2,0,0,,,no
532,0,3,0,0,0,0,0,0,0,0,,,no
533,0,0,1,2,2,0,2,0,0,0,,,yes
534,0,1,0,1,0,0,0,0,0,0,,,no
535,0,0,0,2,1,1,2,1,0,0,,,yes
536,0,1,0,1,0,0,0,0,0,0,,,no
537,0,3,0,3,0,0,1,0,1,0,,,yes
538,0,0,2,0,0,0,4,0,0,0,,,no
539,0,1,0,1,0,0,2,0,0,0,,,yes
540,0,0,0,2,0,1,0,1,0,0,,,yes
541,0,2,2,2,0,0,1,0,0,0,,,no
542,0,0,1,0,0,0,1,0,0,0,,,no
543,0,0,0,1,2,0,0,0,0,0,,,no
544,0,1,0,0,0,1,2,0,0,0,,,yes
545,0,0,0,2,1,0,0,2,0,0,,,no
546,0,0,0,1,0,0,0,0,0,0,,,no
547,0,0,0,0,0,0,2,2,0,0,,,yes
548,0,0,0,1,0,0,0,1,0,0,,,yes
549,0,2,0,0,0,0,1,1,0,0,,,no
550,0,0,3,0,1,1,0,1,0,0,,,yes
551,0,0,0,1,1,1,0,0,0,0,,,no
552,0,1,0,1,0,0,0,0,0,0,,,yes
553,0,1,0,3,0,0,1,1,0,0,,,no
554,0,2,1,0,0,2,2,0,0,0,,,yes
555,0,0,0,1,0,0,0,0,0,0,,,no
556,0,1,0,0,0,0,1,0,0,0,,,yes
557,0,1,0,1,0,0,0,0,0,0,,,no
558,0,1,0,0,0,0,1,2,0,0,,,yes
559,0,2,0,2,0,0,1,2,0,0,,,no
560,0,4,0,1,2,0,0,0,0,0,,,no
561,0,0,0,1,0,1,2,1,0,0,,,yes
562,0,2,0,1,0,0,1,0,0,0,,,yes
563,0,2,1,1,0,1,0,0,0,0,,,no
564,0,2,2,0,0,0,0,0,0,0,,,yes
565,0,0,0,1,0,1,0,0,0,0,,,no
566,0,0,0,2,1,0,0,0,0,0,,,yes
567,0,0,2,1,0,1,3,1,0,0,,,no
568,0,0,1,2,0,0,2,0,1,0,,,no
569,0,0,0,1,0,0,0,2,0,0,,,yes
570,0,2,0,2,0,0,1,0,0,0,,,no
571,0,1,0,0,1,0,0,0,0,0,,,no
572,0,0,0,1,0,1,0,0,0,0,,,no
573,0,2,0,1,1,1,3,1,0,0,,,yes
574,0,0,1,0,0,1,1,1,0,0,,,yes
575,0,0,1,1,0,0,1,0,0,0,,,no
576,0,2,0,2,0,0,1,1,0,0,,,yes
577,0,2,2,1,0,1,0,1,0,0,,,no
578,0,3,0,1,0,0,0,1,0,0,,,no
579,1,1,0,3,0,0,1,0,0,0,,,yes
580,0,1,0,0,1,0,0,0,1,0,,,yes
581,0,0,0,2,0,0,4,0,0,0,,,no
582,0,1,0,1,0,0,0,1,0,0,,,no
583,0,1,0,3,0,1,1,1,0,0,,,yes
584,1,1,0,1,0,1,1,0,0,0,,,no
585,0,0,1,1,0,0,0,0,0,0,,,yes
586,0,2,1,1,0,0,1,0,0,0,,,yes
587,0,0,0,1,1,1,1,0,0,0,,,no
588,0,1,0,1,0,0,0,0,0,0,,,yes
589,0,2,1,0,0,0,0,0,0,0,,,no
590,0,2,0,2,0,0,1,0,0,0,,,no
591,0,2,0,1,0,0,0,1,0,0,,,yes
592,0,0,0,0,0,1,1,0,0,0,,,yes
593,0,0,0,1,0,0,1,0,0,0,,,no
594,0,1,1,1,0,1,0,0,0,0,,,yes
595,0,1,0,2,0,1,0,0,0,0,,,no
596,0,0,2,1,1,0,0,0,0,0,,,yes
597,0,0,0,2,0,0,0,0,0,0,,,no
598,0,0,0,1,0,1,0,0,0,0,,,no
599,0,1,0,2,0,0,3,0,0,0,,,yes
600,0,0,0,0,0,0,0,0,0,0,,,yes
601,0,2,0,6,0,0,2,0,0,0,,,no
602,0,0,0,3,0,0,0,2,1,0,,,yes
603,0,0,0,0,1,1,0,0,0,0,,,no
604,1,0,0,3,0,0,4,0,0,0,,,yes
605,0,1,1,2,0,0,0,1,0,0,,,no
606,0,0,0,2,0,0,0,0,0,0,,,no
607,0,2,1,1,1,1,0,0,0,0,,,no
608,0,0,2,1,0,1,1,0,0,0,,,yes
609,0,1,0,2,0,0,0,0,0,0,,,no
610,0,1,0,3,0,0,1,0,0,0,,,no
611,1,1,1,1,0,0,0,1,0,0,,,no
612,0,1,1,3,0,0,2,0,0,0,,,yes
613,1,1,2,0,0,1,2,0,0,0,,,no
614,0,2,0,1,0,1,1,1,0,0,,,no
615,0,2,0,2,0,0,1,1,0,0,,,yes
616,0,0,0,1,0,0,0,0,0,0,,,yes
617,0,1,1,1,0,0,0,0,0,0,,,no
618,0,1,0,0,1,0,1,0,0,0,,,no
619,0,1,1,2,1,0,1,0,0,0,,,yes
620,0,1,0,0,0,0,4,0,0,0,,,no
621,0,1,0,2,0,0,2,1,0,0,,,no
622,1,1,0,2,0,1,1,0,0,0,,,no
623,0,0,0,1,0,1,1,0,0,0,,,yes
624,0,2,0,1,0,1,1,1,0,0,,,no
625,0,2,0,2,0,1,1,0,0,0,,,yes
626,0,0,0,0,0,0,1,0,0,0,,,no
627,0,0,0,3,0,0,0,1,0,0,,,yes
628,0,0,1,2,1,0,1,0,0,0,,,no
629,0,0,0,2,0,0,0,0,0,0,,,yes
630,0,0,0,0,0,1,0,0,0,0,,,yes
631,0,0,0,2,0,0,1,2,0,0,,,no
632,0,2,0,2,0,0,0,1,0,0,,,no
633,0,0,1,1,0,0,1,0,0,0,,,yes
634,0,0,1,3,1,0,1,1,0,0,,,no
635,0,0,0,0,0,0,1,1,0,0,,,yes
636,0,2,0,1,0,2,1,0,0,0,,,no
637,0,0,1,1,0,1,0,0,0,0,,,yes
638,0,2,0,3,0,0,0,1,0,0,,,yes
639,0,2,0,1,0,0,0,2,1,0,,,no
640,0,0,0,1,0,0,2,1,0,0,,,yes
641,0,1,0,2,0,0,2,0,1,0,,,no
642,0,0,0,0,1,0,2,0,0,0,,,yes
643,0,1,1,2,0,0,1,0,0,0,,,no
644,0,0,1,1,0,0,2,0,0,0,,,no
645,0,2,1,1,0,0,2,1,0,0,,,yes
646,0,0,0,2,0,1,0,0,0,0,,,no
647,0,0,1,0,0,0,0,0,0,0,,,yes
648,1,0,2,3,0,0,0,0,1,0,,,yes
649,0,0,0,2,0,0,1,0,0,0,,,no
650,0,0,1,4,0,0,1,0,0,0,,,no
651,0,2,0,0,0,0,1,0,0,0,,,yes
652,0,2,0,1,0,0,0,0,0,0,,,yes
653,0,0,0,2,0,2,1,0,0,0,,,no
654,0,1,0,1,0,0,2,0,0,0,,,yes
655,0,1,0,3,0,0,1,0,0,0,,,no
656,0,0,0,2,0,0,1,0,0,0,,,no
657,0,0,0,0,0,0,0,0,0,0,,,yes
658,0,0,1,2,0,0,0,1,0,0,,,no
659,0,1,0,1,0,2,0,0,0,0,,,no
660,0,1,1,3,0,0,1,1,0,0,,,yes
661,0,2,0,1,0,1,1,0,0,0,,,no
662,0,1,0,2,1,0,0,0,0,0,,,no
663,0,1,1,0,1,1,1,0,0,0,,,yes
664,0,3,0,1,0,1,0,1,0,0,,,yes
665,0,0,1,2,0,0,1,0,0,0,,,no
666,0,1,0,0,0,0,3,1,0,0,,,no
667,0,1,0,4,0,0,2,1,0,0,,,yes
668,0,2,0,1,0,1,0,0,0,0,,,yes
669,0,1,0,1,0,1,2,0,0,0,,,no
670,0,0,0,1,1,0,0,0,0,0,,,no
671,0,0,1,1,0,0,3,0,0,0,,,yes
672,0,1,0,0,0,0,0,0,0,0,,,yes
673,0,0,0,2,0,0,3,2,0,0,,,no
674,0,4,1,1,0,0,2,0,0,0,,,yes
675,0,0,1,1,0,0,2,1,0,0,,,no
676,0,1,0,0,0,0,1,0,0,0,,,yes
677,1,0,0,4,1,0,0,0,0,0,,,no
678,0,1,0,3,0,0,1,0,1,0,,,yes
679,0,2,0,0,0,1,1,1,0,0,,,no
680,0,0,0,0,0,0,0,0,0,0,,,no
681,0,0,0,3,0,0,1,0,0,0,,,yes
682,0,0,0,2,0,0,2,1,0,0,,,yes
683,0,0,1,1,0,0,1,0,0,0,,,no
684,0,3,2,1,0,0,1,0,0,0,,,no
685,0,0,0,1,1,0,0,0,0,0,,,yes
686,0,1,0,3,1,0,1,0,0,0,,,no
687,0,2,1,0,0,0,0,1,0,0,,,yes
688,0,0,0,1,1,1,0,2,0,0,,,yes
689,0,0,0,1,0,0,1,1,0,0,,,no
690,0,0,1,1,0,0,1,0,0,0,,,yes
691,0,0,0,1,0,0,1,0,0,0,,,no
692,0,0,0,1,0,0,3,0,0,0,,,no
693,0,2,0,2,0,0,0,0,0,0,,,yes
694,0,1,2,0,0,0,2,0,0,0,,,yes
695,0,2,0,1,2,1,0,1,0,0,,,no
696,0,0,0,3,0,1,1,0,0,0,,,no
697,0,1,1,0,0,0,3,0,0,0,,,yes
698,0,0,2,0,0,1,1,0,0,0,,,yes
699,0,1,0,1,0,0,2,0,0,0,,,no
700,0,0,0,0,0,0,1,0,0,0,0.0,,no
701,0,0,0,0,1,0,1,2,0,0,,,yes
702,0,1,1,1,0,0,1,1,0,0,,,yes
703,0,1,1,3,0,1,1,0,0,0,,,no
704,0,1,0,2,0,2,0,1,0,0,,,no
705,0,0,1,1,0,1,1,0,1,0,,,yes
706,1,0,0,2,0,0,1,2,0,0,,,no
707,1,2,0,3,0,0,1,0,0,0,,,yes
708,0,0,0,2,0,0,3,0,0,0,,,no
709,0,1,0,0,0,0,1,0,1,0,,,yes
710,0,0,0,1,0,0,0,0,0,0,,,no
711,0,0,0,0,0,1,0,0,0,0,,,yes
712,0,0,2,2,0,0,1,1,0,0,,,no
713,0,1,0,0,0,0,1,0,0,0,,,yes
714,0,3,1,2,0,2,1,0,0,0,,,no
715,0,0,0,2,0,0,1,0,0,0,,,yes
716,0,0,0,1,0,0,1,1,0,0,,,no
717,0,0,0,1,0,0,2,0,0,0,,,no
718,0,0,2,2,0,1,1,1,0,0,,,yes
719,0,4,1,1,0,0,1,1,0,0,,,no
720,0,1,1,0,1,1,2,0,0,0,,,no
721,0,2,0,4,0,1,0,0,0,0,,,yes
722,0,0,0,2,0,1,0,0,0,0,,,yes
723,0,0,1,0,0,1,0,0,0,0,,,no
724,0,1,0,0,0,0,1,2,0,0,,,yes
725,0,0,0,2,0,0,1,0,0,0,,,no
726,0,3,0,4,0,0,2,1,1,0,,,yes
727,0,0,2,1,0,2,1,0,1,0,,,no
728,0,0,0,0,0,0,3,0,0,0,,,no
729,0,2,0,3,0,1,0,3,0,0,,,yes
730,0,0,1,1,0,0,0,0,0,0,,,yes
731,0,2,0,2,0,0,3,0,0,0,,,no
732,0,0,1,1,0,0,0,0,0,0,,,yes
733,0,0,0,1,1,0,1,0,0,0,,,no
734,0,3,0,0,1,1,0,0,0,0,,,yes
735,0,0,1,2,0,0,0,0,0,0,,,no
736,0,5,0,2,0,0,1,1,0,0,,,yes
737,0,1,1,0,0,2,1,0,0,0,,,no
738,0,0,2,2,0,0,0,0,0,0,,,no
739,0,1,2,0,1,1,0,0,0,0,,,yes
740,0,1,0,2,0,1,0,0,0,0,,,no
741,0,0,2,1,1,0,0,0,0,0,,,yes
742,0,0,1,1,0,1,1,0,0,0,,,yes
743,0,0,0,3,0,1,3,0,0,0,,,no
744,0,0,1,2,1,2,0,0,0,0,,,no
745,0,0,0,1,0,0,1,0,0,0,,,yes
746,0,1,1,2,1,0,0,0,0,0,,,yes
747,0,1,0,3,0,0,0,1,1,0,,,no
748,1,0,1,2,0,1,1,0,0,0,,,no
749,0,1,0,2,0,2,0,0,0,0,,,yes
750,0,1,1,2,0,1,2,1,0,0,,,no
751,0,0,1,1,1,2,1,0,0,0,,,no
752,0,0,0,1,0,0,0,0,0,0,,,no
753,0,1,0,1,0,0,0,1,0,0,,,yes
754,0,1,0,2,0,0,1,0,0,0,,,yes
755,0,0,0,0,0,0,0,0,0,0,,,no
756,0,0,0,1,0,0,1,0,0,0,,,yes
757,0,0,0,1,0,0,1,0,1,0,,,no
758,0,0,2,0,0,0,1,0,0,0,,,yes
759,0,2,1,1,0,0,3,0,0,0,,,no
760,0,0,2,0,0,0,0,0,0,0,,,yes
761,0,3,0,3,0,0,2,1,0,0,,,no
762,0,1,0,0,0,1,0,0,0,0,,,no
763,0,1,1,1,0,3,1,0,0,0,,,yes
764,0,4,0,2,0,0,2,0,0,0,,,no
765,0,1,0,0,0,1,1,0,0,0,,,yes
766,0,4,0,4,0,0,0,1,0,0,,,no
767,0,0,0,0,0,1,0,0,0,0,,,yes
768,0,0,1,1,0,1,0,0,0,0,,,no
769,0,2,0,1,0,0,1,0,0,0,,,yes
770,0,1,0,1,0,0,0,0,0,0,,,yes
771,0,2,0,1,0,2,1,0,0,0,,,no
772,0,0,1,3,0,0,1,0,0,0,,,no
773,0,1,0,2,0,0,0,0,0,0,,,yes
774,1,2,1,2,0,0,1,0,0,0,,,no
775,0,1,0,0,0,0,0,1,0,0,,,yes
776,0,0,0,1,0,1,0,1,0,0,,,yes
777,0,0,1,1,0,0,0,0,0,0,,,no
778,0,0,1,1,0,0,3,0,0,0,,,yes
779,0,0,0,1,0,1,0,0,0,0,,,no
780,0,1,1,0,0,0,3,0,0,0,,,no
781,0,0,1,2,0,0,1,0,0,0,,,yes
782,0,2,0,0,0,0,0,0,0,0,,,no
783,0,0,1,1,0,0,0,0,0,0,,,yes
784,1,1,0,2,1,0,1,0,0,0,,,no
785,0,0,0,1,0,1,1,0,0,0,,,yes
786,0,1,2,0,0,0,1,0,0,0,,,yes
787,0,0,0,1,1,1,0,0,0,0,,,no
788,0,1,0,2,0,0,2,0,1,0,,,no
789,0,0,0,1,0,1,1,0,0,0,,,no
790,1,0,0,1,1,1,3,0,3,0,,,no
791,0,0,0,3,0,0,2,0,2,0,,,yes
792,0,0,0,1,0,0,0,0,0,0,,,no
793,0,1,2,0,0,2,0,0,0,0,,,no
794,0,1,0,1,0,0,0,1,0,0,,,no
795,0,0,0,1,0,0,0,0,0,0,,,yes
796,0,0,0,0,0,0,1,1,0,0,,,yes
797,0,1,0,2,0,0,1,1,0,0,,,no
798,0,0,0,1,0,0,0,0,0,0,,,no
799,0,0,1,1,0,1,2,0,0,0,,,yes
800,0,0,0,0,0,0,4,0,0,0,,,no
801,0,2,0,4,0,0,0,0,0,0,,,no
802,0,1,1,0,0,2,0,0,0,0,,,no
803,1,1,0,2,0,0,2,1,0,0,,,no
804,0,4,1,2,0,0,2,0,0,0,,,no
805,0,1,1,2,0,1,1,1,0,0,,,yes
806,0,1,1,1,0,0,0,0,1,0,,,no
807,0,3,0,3,0,1,1,1,0,0,,,yes
808,0,0,2,3,1,0,2,0,0,0,,,no
809,0,1,1,1,1,0,0,0,0,0,,,yes
810,0,2,0,1,0,0,2,0,0,0,,,yes
811,0,0,2,1,1,1,2,0,1,0,,,no
812,0,1,0,1,0,0,1,0,0,0,,,yes
813,0,1,0,1,0,0,0,1,0,0,,,no
814,0,2,0,2,0,0,0,1,0,0,,,yes
815,0,1,0,1,0,2,1,0,1,0,,,no
816,0,1,0,1,0,2,1,0,0,0,,,no
817,1,0,0,1,0,0,0,0,0,0,,,yes
818,0,0,1,0,0,1,4,0,0,0,,,no
819,0,2,0,2,0,0,1,0,0,0,,,yes
820,0,1,0,2,0,0,1,0,0,0,,,yes
821,0,0,1,2,0,0,2,0,0,0,,,no
822,1,1,1,2,0,1,0,0,0,0,,,no
823,1,0,1,4,0,1,0,1,0,0,,,yes
824,0,1,1,3,0,0,2,0,0,0,,,no
825,1,3,0,0,0,0,0,0,0,0,,,yes
826,0,2,0,0,0,0,0,0,0,0,,,yes
827,0,0,1,2,0,0,1,0,0,0,,,no
828,0,2,0,2,0,0,1,0,0,0,,,no
829,0,0,1,0,1,0,2,1,0,0,,,yes
830,0,2,0,4,0,0,0,0,0,0,,,yes
831,0,1,0,1,0,0,0,0,1,0,,,no
832,0,0,0,1,1,0,1,0,0,0,,,no
833,0,0,0,1,0,0,1,0,0,0,,,yes
834,0,0,0,2,0,0,2,1,0,0,,,yes
835,0,0,0,1,0,0,1,0,1,0,,,no
836,0,3,0,2,0,0,1,0,0,0,,,no
837,0,0,0,1,0,0,0,0,0,0,,,yes
838,0,1,0,2,0,0,1,0,0,0,,,yes
839,0,0,1,2,0,1,2,0,0,0,,,no
840,0,2,0,1,0,0,2,1,0,0,,,no
841,0,1,0,0,0,1,3,0,0,0,,,yes
842,0,0,1,1,1,0,0,0,0,0,,,no
843,0,1,1,1,0,1,1,1,0,0,,,yes
844,0,0,0,2,0,0,1,1,0,0,,,no
845,0,1,0,0,0,1,3,1,0,0,,,yes
846,0,0,0,2,0,0,2,0,0,0,,,yes
847,0,0,1,1,0,0,0,0,0,0,,,no
848,0,1,0,0,0,0,0,1,0,0,,,yes
849,0,0,0,2,0,1,1,1,0,0,,,no
850,0,2,0,1,1,0,2,0,0,0,,,no
851,1,0,1,1,0,1,3,1,0,0,,,yes
852,0,1,0,1,0,1,0,0,0,0,,,no
853,0,1,0,0,0,1,0,0,0,0,,,yes
854,0,1,0,1,0,0,0,1,0,0,,,no
855,0,1,0,4,0,0,0,1,0,0,,,yes
856,0,0,0,1,0,1,0,0,0,0,,,yes
857,0,1,0,0,0,1,0,1,0,0,,,no
858,0,3,0,0,0,1,2,2,0,0,,,yes
859,0,0,0,2,0,1,0,0,0,0,,,no
860,0,1,0,1,0,0,1,0,0,0,,,yes
861,0,0,1,1,1,0,1,1,0,0,,,no
862,0,0,0,1,0,0,2,0,0,0,,,yes
863,0,1,1,1,0,1,2,0,0,0,,,no
864,0,1,0,1,0,0,0,1,0,0,,,yes
865,0,2,2,2,0,0,2,1,0,0,,,no
866,0,1,1,3,0,0,1,0,0,0,,,no
867,0,1,0,1,0,0,0,0,0,0,,,yes
868,0,0,1,1,0,0,1,1,0,0,,,no
869,0,0,0,1,1,0,0,0,0,0,,,yes
870,0,1,0,0,0,0,3,0,0,0,,,no
871,0,0,0,1,0,1,2,0,0,0,,,yes
872,0,0,0,0,0,0,0,0,0,0,,,yes
873,0,0,0,1,0,0,1,0,0,0,,,no
874,0,0,0,2,0,1,1,0,0,0,,1.0,yes
875,0,0,2,1,0,0,0,1,0,0,,,no
876,0,0,0,0,0,0,1,1,1,0,,,no
877,0,3,1,3,0,1,1,0,0,0,,,yes
878,0,0,0,1,0,0,0,0,0,0,,,no
879,0,0,3,1,0,0,1,0,0,0,,,yes
880,0,0,0,2,0,1,2,1,0,0,,,yes
881,0,0,0,0,0,0,2,1,0,0,,,no
882,0,0,0,1,0,0,0,0,0,0,,,yes
883,0,1,0,1,0,0,0,0,0,0,,,no
884,0,1,0,1,0,1,0,0,0,0,,,no
885,0,0,0,2,0,0,1,2,0,0,,,yes
886,0,0,1,1,0,0,1,0,0,0,,,no
887,0,0,0,2,0,0,0,3,1,0,,,yes
888,0,0,0,0,0,0,2,0,0,0,,,no
889,0,1,0,2,0,1,0,0,0,0,,,yes
890,0,0,1,1,0,0,1,0,0,0,,,yes
891,0,2,0,2,0,0,0,0,0,0,,,no
892,0,0,0,1,0,0,1,0,0,0,,,no
893,1,0,0,2,1,0,2,0,0,0,,,yes
894,0,2,0,1,0,0,2,0,0,0,,,yes
895,0,0,0,0,0,0,1,0,0,0,,,no
896,0,0,0,1,1,1,0,0,0,0,,,no
897,0,0,0,3,1,0,1,1,0,0,,,yes
898,0,2,2,1,0,0,3,0,0,0,,,no
899,0,0,0,0,1,0,0,0,0,0,,,yes
900,0,0,1,0,1,1,2,0,0,0,,,no
901,0,2,0,1,0,0,0,1,0,0,,,no
902,0,0,0,0,0,0,1,0,0,0,,,yes
903,0,1,0,5,0,1,1,0,0,0,,,no
904,0,0,0,1,0,2,0,0,0,0,,,yes
905,0,2,0,1,0,0,0,1,0,0,,,no
906,0,0,0,3,1,0,3,2,0,0,,,no
907,0,1,1,1,0,0,1,0,0,0,,,yes
908,0,1,0,0,0,0,0,0,0,0,,,no
909,0,0,1,3,0,0,2,0,0,0,,,yes
910,0,0,0,1,0,0,2,0,0,0,,,yes
911,0,0,0,0,0,0,0,0,0,0,,,no
912,0,1,0,1,0,0,1,0,0,0,,,no
913,0,1,0,3,0,1,0,1,0,0,,,yes
914,0,2,0,1,0,1,0,1,0,0,,,no
915,0,1,1,1,1,0,0,0,0,0,,,yes
916,0,0,0,0,0,1,1,0,1,0,,,yes
917,0,1,0,4,0,1,1,1,1,0,,,no
918,0,0,0,2,0,0,1,1,0,0,,,no
919,0,0,1,0,0,1,0,0,1,0,,,yes
920,0,1,1,1,0,0,1,0,0,0,,,yes
921,0,2,0,3,0,0,0,0,0,0,,,no
922,0,0,0,1,0,1,0,0,1,0,,,no
923,0,0,0,3,0,4,1,1,0,0,,,yes
924,0,1,0,1,0,0,0,1,0,0,,,no
925,0,0,0,1,0,2,1,0,0,0,,,no
926,0,0,1,2,0,1,0,2,0,0,,,no
927,1,1,0,1,1,0,0,1,0,0,,,yes
928,0,0,0,1,0,2,1,0,0,0,,,yes
929,0,0,1,0,0,0,1,0,0,0,,,no
930,0,3,1,2,0,1,4,0,0,0,,,no
931,0,2,0,1,0,0,2,1,0,0,,,yes
932,0,0,0,1,0,0,0,0,0,0,,,no
933,0,2,0,1,1,0,1,0,0,0,,,yes
934,0,2,1,2,0,0,0,0,0,0,,,yes
935,0,0,1,1,1,1,0,1,0,0,,,no
936,0,1,1,0,0,0,4,0,0,0,,,yes
937,0,0,1,2,0,1,0,0,0,0,,,no
938,0,1,3,3,0,0,0,0,1,0,,,yes
939,0,0,0,2,0,1,1,0,0,0,,,no
940,0,1,0,2,0,0,0,0,0,0,,,no
941,0,1,1,1,1,0,2,0,1,0,,,yes
942,0,0,1,0,0,1,2,0,0,0,,,yes
943,0,1,0,1,0,0,1,0,0,0,,,no
944,0,2,0,2,0,0,3,1,0,0,,,no
945,0,0,0,1,0,0,0,0,0,0,,,yes
946,0,1,1,0,1,0,0,0,0,0,,,no
947,0,0,0,2,0,0,4,0,0,0,,,yes
948,0,1,1,1,1,0,0,1,0,0,,,no
949,0,5,0,4,0,1,0,0,0,0,,,yes
950,1,0,1,0,0,0,2,0,0,0,,,no
951,0,0,0,2,0,2,1,0,0,0,,,yes
952,0,2,2,5,0,0,0,0,0,0,,,yes
953,0,0,0,0,1,0,0,0,0,0,,,no
954,0,0,0,0,0,0,2,1,0,0,,,no
955,0,1,0,3,1,0,2,1,0,0,,,yes
956,0,2,0,2,1,0,0,0,0,0,,,yes
957,0,1,0,0,0,2,2,1,0,0,,,no
958,1,0,0,4,0,0,7,0,0,0,,,yes
959,0,0,0,0,0,0,1,0,1,0,,,no
960,0,0,0,2,0,0,0,0,0,0,,,yes
961,0,1,2,0,1,1,0,0,0,0,,,no
962,0,0,0,0,0,0,1,0,0,0,,,no
963,0,1,0,2,0,1,2,0,0,0,,,no
964,0,0,1,2,0,0,0,0,0,0,,,yes
965,0,1,0,1,1,0,0,1,0,0,,,no
966,0,1,1,0,0,0,0,0,0,0,,,no
967,0,2,1,1,0,1,0,1,0,0,,,yes
968,0,1,1,1,0,1,0,0,0,0,,,no
969,0,1,0,3,0,1,1,1,0,0,,,no
970,0,1,0,2,0,0,1,0,0,0,,,no
971,0,0,0,0,0,0,0,0,0,0,,,yes
972,0,1,0,0,0,0,2,0,0,0,,,no
973,0,1,1,2,1,0,0,0,0,0,,,yes
974,0,3,0,1,0,0,0,0,0,0,,,yes
975,0,0,2,0,0,1,0,0,0,0,,,no
976,0,0,1,0,0,0,1,0,0,0,,,no
977,0,2,0,1,1,0,5,0,0,0,,,no
978,0,0,0,2,0,1,2,1,0,0,,,no
979,0,1,1,2,1,0,1,1,0,0,,,yes
980,0,0,2,0,1,1,0,0,0,0,,,no
981,0,1,0,1,0,0,1,0,0,0,,,yes
982,0,0,0,2,0,0,1,4,0,0,,,no
983,0,1,0,2,0,0,1,0,0,0,,,yes
984,0,0,0,1,0,0,2,0,0,0,,,yes
985,0,0,0,2,0,0,0,0,0,0,,,no
986,0,0,1,1,0,0,0,1,0,0,,,yes
987,0,0,1,1,0,0,2,1,0,0,,,no
988,0,0,0,0,0,0,0,1,0,0,,,no
989,0,0,0,1,0,1,1,1,0,0,,,yes
990,0,1,1,1,0,0,1,0,0,0,,,no
991,0,1,1,1,1,0,0,0,0,0,,,yes
992,0,1,0,2,0,0,0,1,0,0,,,yes
993,0,0,1,1,0,0,3,0,0,0,,,no
994,0,0,0,3,0,0,0,0,1,0,,1.0,no
995,1,1,0,0,0,0,0,1,0,0,,,yes
996,0,2,0,3,0,0,0,2,0,0,,,no
997,0,0,2,1,1,1,1,1,0,0,,,yes
998,0,2,1,0,0,0,1,0,0,0,,,yes
999,0,1,0,2,0,1,0,1,0,0,,,no
1000,0,2,0,0,0,0,0,2,0,0,,,no
1001,0,2,6,4,0,0,2,0,0,0,,,yes
1002,0,1,1,2,0,0,0,0,0,0,,,yes
1003,0,0,1,1,0,1,1,1,0,0,,,no
1004,0,1,0,4,0,1,0,0,0,0,,,no
1005,0,0,2,0,0,0,1,0,0,0,,,yes
1006,0,1,0,0,0,0,0,1,0,0,,,yes
1007,0,0,3,2,0,0,0,0,1,0,,,no
1008,0,0,3,0,0,0,2,0,0,0,,,no
1009,0,0,0,2,0,0,1,0,0,0,,,yes
1010,0,0,1,2,0,1,1,0,0,0,,,no
1011,0,2,0,1,1,0,1,0,0,0,,,yes
1012,0,1,0,2,0,0,1,0,0,0,,,yes
1013,0,0,0,2,0,1,2,0,0,0,,,no
1014,0,0,0,0,0,0,1,0,0,0,,,no
1015,1,0,0,2,0,0,2,1,0,0,,,no
1016,0,0,0,2,0,1,3,0,0,0,,,no
1017,0,2,0,0,0,0,1,1,0,0,,,yes
1018,0,0,0,1,0,0,1,0,0,0,,,yes
1019,0,2,1,2,2,0,2,0,0,0,,,no
1020,0,0,0,1,0,0,1,0,0,0,,,no
1021,0,1,0,1,0,0,0,1,0,0,,,yes
1022,0,0,3,2,0,1,0,0,0,0,,,yes
1023,0,2,0,4,0,0,0,0,0,0,,,no
1024,0,0,2,3,0,0,0,0,0,0,,,no
1025,0,0,0,2,0,0,0,0,0,0,,,yes
1026,0,0,1,0,0,0,1,0,0,0,,,no
1027,0,0,0,3,1,0,1,0,0,0,,,yes
1028,0,0,0,2,1,0,1,0,0,0,,,yes
1029,0,0,0,1,0,0,0,0,0,0,,,no
1030,0,0,1,1,0,0,2,1,0,0,,,yes
1031,0,0,0,0,0,0,2,0,0,0,,,no
1032,1,1,1,2,0,0,0,2,0,0,,,no
1033,0,0,1,0,0,1,4,0,0,0,,,yes
1034,0,2,0,1,0,0,1,0,0,0,,,yes
1035,0,4,0,2,0,0,0,0,0,0,,,no
1036,0,1,1,2,1,0,0,0,0,0,,,no
1037,0,1,0,1,0,0,2,0,0,0,,,yes
1038,0,0,0,1,1,0,0,0,0,0,,,no
1039,0,0,0,0,0,0,1,1,0,0,,,yes
1040,0,1,0,2,1,1,2,0,0,0,,,yes
1041,0,1,1,1,0,1,2,0,0,0,,,no
1042,0,0,0,1,0,0,2,2,0,0,,,no
1043,0,1,0,1,0,1,2,0,0,0,,,yes
1044,1,1,1,2,0,0,1,0,0,0,,,no
1045,0,0,1,1,0,0,0,0,0,0,,,yes
1046,0,3,1,1,0,0,0,0,0,0,,,no
1047,0,0,0,3,0,1,0,0,0,0,,,yes
1048,0,2,0,1,0,0,1,0,1,0,,,yes
1049,0,2,0,2,1,1,0,0,1,0,,,no
1050,0,0,1,0,1,2,0,0,0,0,,,yes
1051,1,0,0,2,0,1,0,0,0,0,,,no
1052,0,1,0,2,0,0,2,1,0,0,,,yes
1053,0,0,0,0,0,0,0,0,0,0,,,no
1054,0,0,0,1,0,0,0,0,0,0,,,no
1055,0,0,0,1,0,0,2,0,0,0,,,yes
1056,0,0,0,1,0,0,2,0,0,0,,,no
1057,0,0,0,2,0,0,1,0,0,0,,,yes
1058,0,1,0,1,0,0,1,0,0,0,,,no
1059,0,1,0,1,1,0,1,2,0,0,,,yes
1060,0,1,0,2,0,0,0,0,0,0,,,no
1061,0,1,2,1,0,0,1,0,1,0,,,yes
1062,0,1,1,1,0,0,3,1,0,0,,,no
1063,0,1,1,0,2,1,2,0,0,0,,,yes
1064,0,1,1,2,0,1,2,0,0,0,,,no
1065,0,3,0,1,0,0,0,1,0,0,,,yes
1066,0,0,0,2,0,0,3,0,0,0,,,yes
1067,0,0,1,1,1,0,1,0,0,0,,,no
1068,0,0,0,2,0,0,2,0,0,0,,,yes
1069,0,2,0,2,0,0,2,0,0,0,,,no
1070,0,0,0,0,0,1,1,1,0,0,,,no
1071,0,1,0,1,0,1,1,0,0,0,,,yes
1072,0,1,0,2,1,1,3,0,0,0,,,no
1073,0,3,0,2,1,1,0,0,0,0,,,yes
1074,1,1,1,1,0,0,0,0,0,0,,,yes
1075,0,0,0,3,0,0,0,0,0,0,,,no
1076,0,0,1,1,0,0,2,0,1,0,,,yes
1077,1,0,0,3,1,0,0,0,1,0,,,no
1078,0,1,0,1,1,0,0,0,0,0,,,no
1079,0,2,1,2,1,0,0,0,0,0,,,yes
1080,0,1,1,0,0,1,1,1,0,0,,,yes
1081,0,0,1,3,0,0,0,2,0,0,,,no
1082,0,1,0,3,0,1,0,0,0,0,,,no
1083,0,2,1,1,0,0,2,0,0,0,,,yes
1084,0,0,0,2,0,0,1,0,1,0,,,no
1085,0,0,1,0,0,1,1,1,0,0,,,yes
1086,0,0,0,2,0,0,0,0,0,0,,,no
1087,0,0,0,0,0,0,2,0,0,0,,,yes
1088,0,1,0,3,0,1,0,0,0,0,,,yes
1089,0,1,0,0,0,1,1,0,0,0,,,no
1090,0,0,0,4,1,1,1,2,0,0,,,yes
1091,0,1,0,1,0,0,1,0,0,0,,,no
1092,0,3,0,2,0,0,1,2,0,0,,,yes
1093,0,0,2,2,0,0,1,0,1,0,,,no
1094,0,2,0,1,0,0,0,0,0,0,,,yes
1095,0,0,1,0,1,0,2,1,0,0,,,no
1096,0,0,0,0,0,0,0,0,0,0,,,no
1097,0,2,1,2,0,0,0,1,0,0,,,yes
1098,0,0,1,2,0,1,3,0,0,0,0.0,,yes
1099,0,0,0,0,0,0,0,0,0,0,,,no
1100,0,0,0,0,1,0,0,0,0,0,,,yes
1101,0,0,1,1,1,0,5,1,0,0,,,no
1102,0,0,0,2,0,1,0,0,1,0,,,yes
1103,0,2,0,1,0,0,0,1,0,0,,,no
1104,0,0,0,0,1,0,1,0,0,0,,,no
1105,0,2,0,1,0,0,2,2,0,0,,,yes
1106,1,3,0,3,0,0,0,0,0,0,,,no
1107,0,0,1,1,0,0,0,0,0,0,,,yes
1108,0,0,0,1,0,0,0,0,0,0,,,no
1109,0,0,0,2,0,1,1,2,0,0,,,no
1110,1,0,0,4,0,0,0,0,0,0,,,no
1111,0,3,0,1,2,0,1,2,0,0,,,no
1112,0,0,0,1,0,0,0,1,0,0,,,no
1113,0,2,0,2,0,0,0,0,0,0,,,yes
1114,0,2,0,3,0,0,1,1,0,0,,,no
1115,0,0,1,2,0,2,0,0,1,0,,,yes
1116,0,0,0,1,0,0,1,0,0,0,,,yes
1117,0,2,0,2,0,0,0,0,0,0,,,no
1118,0,1,0,1,0,0,0,0,0,0,,,no
1119,1,0,0,2,0,0,0,1,0,0,,,yes
1120,0,0,1,1,0,0,1,0,0,0,,,no
1121,0,0,0,1,0,1,0,0,0,0,,,yes
1122,0,2,0,2,1,1,1,1,0,0,,,no
1123,0,0,1,0,0,1,0,1,0,0,,,yes
1124,0,1,0,2,0,0,2,0,0,0,,,no
1125,0,0,0,1,0,0,2,0,0,0,,,yes
1126,0,1,0,1,0,1,2,0,0,0,,,no
1127,0,1,1,1,0,1,1,0,0,0,,,yes
1128,0,0,1,0,1,0,0,0,0,0,,,no
1129,0,0,1,1,0,0,1,1,0,0,,,no
1130,0,1,0,2,0,0,0,2,0,0,,,yes
1131,0,0,1,0,1,0,2,0,0,0,,,no
1132,0,1,0,2,0,0,0,0,0,0,,,yes
1133,0,1,2,2,1,0,0,0,0,0,,,no
1134,0,0,2,0,0,0,0,0,0,0,,,no
1135,1,2,0,2,0,1,2,0,0,0,,,yes
1136,1,0,0,3,0,0,2,0,0,0,,,yes
1137,0,1,0,2,1,0,2,0,0,0,,,no
1138,0,2,2,2,0,0,1,0,0,0,,,no
1139,0,1,0,2,0,0,0,0,0,0,,,yes
1140,0,1,0,3,0,0,1,1,0,0,,,yes
1141,0,0,1,0,0,0,2,0,0,0,,,no
1142,0,0,0,0,0,1,0,0,0,0,,,yes
1143,0,0,0,1,1,0,0,0,0,0,,,no
1144,1,0,0,5,0,0,1,0,0,0,,,no
1145,0,0,0,2,0,2,0,0,0,0,,,yes
1146,0,0,0,1,0,0,0,0,0,0,,,no
1147,0,1,1,1,0,0,0,0,0,0,,,yes
1148,0,0,0,3,0,2,1,0,0,0,,,no
1149,0,2,0,3,1,1,0,0,0,0,,,yes
1150,0,0,0,1,0,1,2,0,0,0,,,yes
1151,0,0,1,2,0,2,1,1,0,0,,,no
1152,0,0,1,0,0,0,3,0,0,0,,,yes
1153,0,0,0,1,0,0,1,0,0,0,,,no
1154,0,0,0,0,0,1,0,2,0,0,,,yes
1155,0,0,1,1,0,1,1,1,0,0,,,no
1156,0,1,0,2,0,0,0,1,0,0,,,no
1157,0,0,1,0,0,0,1,1,0,0,,,no
1158,0,0,2,1,1,0,0,0,0,0,,,yes
1159,0,0,2,3,0,0,0,0,0,0,,,no
1160,0,1,0,0,0,2,1,0,0,0,,,no
1161,0,1,0,1,1,0,2,0,0,0,,,no
1162,0,0,0,2,0,0,3,0,0,0,,,no
1163,0,2,0,0,0,0,3,0,0,0,,,yes
1164,0,2,0,1,0,0,0,1,0,0,,,yes
1165,0,0,0,1,0,0,2,0,1,0,,,no
1166,0,0,2,1,1,0,1,0,0,0,,,yes
1167,0,0,0,0,0,0,1,0,0,0,,,no
1168,0,0,0,1,0,1,0,0,0,0,,,no
1169,0,0,0,1,0,0,1,0,0,0,,,yes
1170,0,1,0,1,0,0,0,0,0,0,,,no
1171,0,0,0,0,0,0,0,0,0,0,,,no
1172,0,1,0,0,0,1,2,0,0,0,,,no
1173,0,0,0,1,0,0,1,1,0,0,,,no
1174,0,1,0,2,0,0,1,0,0,0,,,yes
1175,0,2,3,3,0,0,2,0,0,0,,,no
1176,0,2,0,4,1,0,1,0,0,0,,,no
1177,0,0,1,0,0,0,2,0,0,0,,,yes
1178,0,1,0,1,1,0,2,0,0,0,,,no
1179,0,1,1,0,1,0,1,0,0,0,,,yes
1180,0,3,0,2,0,0,1,0,0,0,,,no
1181,0,1,1,2,0,0,1,0,0,0,,,yes
1182,1,0,1,0,0,0,0,0,0,0,,,yes
1183,0,1,0,3,0,1,0,0,1,0,,,no
1184,1,0,0,1,0,1,1,0,0,0,,,yes
1185,0,0,0,1,0,0,2,0,0,0,,,no
1186,0,1,0,0,2,0,1,1,0,0,,,no
1187,0,0,0,2,0,1,0,0,0,0,,,yes
1188,0,1,0,1,0,0,3,1,0,0,,,yes
1189,0,0,0,1,0,0,0,1,0,0,,,no
1190,0,0,0,2,0,0,2,1,0,0,,,yes
1191,0,2,1,0,0,0,1,1,0,0,,,no
1192,0,0,0,0,0,1,0,0,0,0,,,yes
1193,0,0,0,2,1,0,0,1,0,0,,,no
1194,0,0,2,1,0,0,2,1,0,0,,,no
1195,0,0,1,1,0,0,1,0,0,0,,,yes
1196,0,0,1,1,0,0,2,1,0,0,,,yes
1197,0,0,0,1,0,0,0,0,0,0,,,no
1198,0,2,1,1,2,0,3,0,0,0,,,no
1199,0,1,0,1,1,0,2,0,0,0,,,yes
1200,0,2,0,0,0,0,4,0,0,0,,,no
1201,0,2,0,2,0,0,6,2,0,0,,,yes
1202,0,2,0,1,1,0,1,2,0,0,,,yes
1203,0,2,0,2,1,0,3,1,0,0,,,no
1204,1,0,0,2,0,1,0,0,0,0,,,yes
1205,0,2,0,2,0,1,0,0,0,0,,,no
1206,0,0,0,2,0,0,3,1,0,0,,,yes
1207,0,1,0,1,0,0,2,0,0,0,,,no
1208,0,1,1,2,0,0,0,2,0,0,,,no
1209,0,0,1,1,0,1,0,0,0,0,,,yes
1210,0,0,0,0,0,0,2,0,0,0,,,yes
1211,0,0,0,1,2,0,2,1,0,0,,,no
1212,0,0,0,0,0,0,0,0,0,0,,,no
1213,0,0,0,2,0,0,0,1,0,0,,,yes
1214,0,1,2,0,0,1,0,1,0,0,,,yes
1215,0,0,0,3,0,0,2,0,0,0,,,no
1216,0,1,0,3,0,0,0,0,0,0,,,yes
1217,0,0,1,2,0,1,0,0,0,0,,,no
1218,0,0,0,2,0,0,0,3,0,0,,,yes
1219,0,0,0,2,0,1,0,0,0,0,,,no
1220,0,0,0,2,0,0,0,1,0,0,,,yes
1221,0,0,2,0,1,1,1,0,0,0,,,no
1222,0,1,0,1,0,0,1,0,0,0,,,no
1223,0,1,0,1,0,0,1,0,0,0,,,yes
1224,0,2,1,2,0,0,0,0,0,0,,,no
1225,1,0,0,1,0,0,0,1,0,0,,,yes
1226,0,0,0,2,0,0,1,0,0,0,,,yes
1227,0,0,0,1,0,0,2,0,0,0,,,no
1228,0,1,1,1,0,0,1,1,0,0,,,no
1229,0,1,0,1,0,1,5,0,0,0,,,yes
1230,0,0,0,1,0,0,2,1,0,0,,,no
1231,0,0,0,0,0,0,1,0,0,0,,,yes
1232,0,0,0,1,0,0,2,0,0,0,,,no
1233,0,0,0,0,0,0,0,0,0,0,,,no
1234,0,0,1,2,0,0,1,1,0,0,,1.0,no
1235,0,0,0,2,1,1,2,0,0,0,,,yes
1236,0,0,1,1,0,2,0,0,0,0,,,no
1237,0,2,0,1,0,0,0,0,0,0,,,yes
1238,0,1,0,2,0,0,0,0,0,0,,,no
1239,1,1,1,1,0,1,3,0,0,0,,,yes
1240,0,1,0,0,1,0,2,0,0,0,,,yes
1241,0,0,2,2,0,0,2,0,0,0,,,no
1242,0,0,0,3,0,2,2,0,0,0,,,no
1243,1,1,0,1,0,0,1,0,0,0,,,yes
1244,0,1,1,1,0,1,0,0,1,0,,,no
1245,0,0,0,1,0,0,0,2,1,0,,,yes
1246,0,0,0,2,0,0,1,0,0,0,,,no
1247,0,0,0,0,0,1,1,0,0,0,,,yes
1248,0,1,0,3,0,0,0,1,0,0,,,yes
1249,1,3,0,2,0,0,1,0,1,0,,,no
1250,0,0,0,1,0,2,0,0,0,0,,,no
1251,0,0,0,1,0,0,1,0,0,0,,,no
1252,0,3,0,1,0,0,1,0,0,0,,,yes
1253,0,0,0,2,0,0,1,0,0,0,,,no
1254,1,0,1,3,0,0,0,1,0,0,,,yes
1255,0,2,0,0,0,1,2,0,0,0,,,no
1256,0,1,0,1,0,0,0,1,0,0,,,no
1257,0,1,1,0,0,0,3,0,0,0,,,yes
1258,1,1,0,4,0,0,1,1,0,0,,,yes
1259,0,2,0,0,0,1,2,0,0,0,,,no
1260,0,1,0,2,0,0,1,0,1,0,,,yes
1261,0,0,0,0,0,0,0,1,1,0,,,no
1262,0,1,1,1,0,0,3,0,0,0,,,yes
1263,0,1,0,1,0,0,1,0,0,0,,,no
1264,1,0,0,0,0,0,1,0,0,0,,,yes
1265,1,1,0,3,0,0,0,0,0,0,,,no
1266,0,0,0,1,0,0,1,1,0,0,,,no
1267,0,0,0,1,0,1,0,0,0,0,,,yes
1268,0,3,0,1,0,1,0,0,0,0,,,yes
1269,0,0,1,1,0,0,4,0,0,0,,,no
1270,0,0,1,0,1,0,0,0,0,0,,,yes
1271,0,1,0,1,0,1,1,0,0,0,,,no
1272,0,2,0,2,0,1,0,0,0,0,,,no
1273,1,2,0,6,0,1,0,2,0,0,,,yes
1274,0,1,0,0,0,1,3,2,0,0,,,yes
1275,0,0,0,1,0,0,1,0,0,0,,,no
1276,0,0,1,0,0,0,3,0,0,0,,,no
1277,0,5,0,3,0,0,1,0,0,0,,,yes
1278,0,1,0,1,0,0,0,1,0,0,,,yes
1279,0,1,0,1,0,0,2,0,0,0,,,no
1280,0,0,0,1,0,0,1,0,0,0,,,no
1281,0,2,1,1,1,0,3,0,0,0,,,yes
1282,0,1,1,0,0,1,1,0,0,0,,,no
1283,1,3,0,4,0,0,2,0,0,0,,,no
1284,0,0,1,0,0,0,2,0,0,0,,,yes
1285,1,2,0,3,0,1,0,1,0,0,,,no
1286,0,0,0,1,0,0,1,0,0,0,,,yes
1287,0,1,1,1,0,0,1,0,0,0,,,no
1288,0,0,0,2,0,0,2,1,1,0,,,yes
1289,0,1,1,2,0,1,1,1,1,0,,,no
1290,0,2,0,1,1,2,0,0,0,0,,,no
1291,0,1,1,1,1,3,1,0,0,0,,,yes
1292,1,0,0,2,0,2,0,1,0,0,,,no
1293,0,0,0,1,0,1,0,0,0,0,,,yes
1294,0,0,1,3,0,1,0,0,0,0,,,no
1295,2,0,1,3,1,0,0,2,0,0,,,yes
1296,0,1,0,3,0,0,2,0,0,0,,,yes
1297,0,4,0,5,0,0,1,1,0,0,,,no
1298,0,0,0,1,0,1,0,1,0,0,,,yes
1299,0,0,1,1,0,1,1,0,0,0,,,no
1300,0,0,0,1,0,2,0,1,1,0,,,no
1301,1,4,0,3,0,1,0,0,0,0,,,yes
1302,0,1,1,2,1,0,1,0,0,0,,,yes
1303,0,2,0,4,1,0,1,1,0,0,,,no
1304,0,0,1,1,0,0,1,1,0,0,,,no
1305,0,0,0,1,0,0,2,2,0,0,,,yes
1306,0,0,0,1,0,0,1,0,0,0,,,no
1307,0,1,1,2,0,0,0,0,0,0,,,yes
1308,0,1,0,1,0,0,0,1,0,0,,,no
1309,0,0,0,2,0,0,2,1,1,0,,,yes
1310,0,0,1,1,0,1,2,1,0,0,,,yes
1311,0,0,1,0,0,0,0,0,0,0,,,no
1312,0,1,0,1,0,0,1,0,0,0,,,yes
1313,0,0,0,1,0,0,0,0,0,0,,,no
1314,0,0,0,1,0,0,0,3,0,0,,,yes
1315,0,1,0,0,0,2,1,0,0,0,,,no
1316,0,2,0,1,0,0,1,1,0,0,,,no
1317,0,0,1,2,0,1,1,0,0,0,,,yes
1318,0,0,2,1,0,0,0,0,0,0,,,no
1319,1,0,0,1,0,1,2,0,0,0,,,yes
1320,0,0,0,0,0,0,1,1,0,0,,,no
1321,0,0,1,1,2,0,0,0,0,0,,,yes
1322,0,0,0,1,1,2,0,0,0,0,,,no
1323,1,1,0,2,0,1,1,0,0,0,,,yes
1324,0,2,0,1,0,0,2,1,0,0,,,yes
1325,0,0,1,3,0,1,0,1,1,0,,,no
1326,1,2,0,0,0,0,1,0,0,0,,,yes
1327,0,2,1,2,1,1,2,0,0,0,,,no
1328,0,0,0,1,0,0,3,0,0,0,,,no
1329,1,4,0,3,0,0,1,2,0,0,,,yes
1330,0,0,0,1,0,0,1,1,1,0,,,yes
1331,0,2,0,1,0,0,0,0,1,0,,,no
1332,0,0,0,0,0,0,2,0,0,0,0.0,,no
1333,0,0,0,0,0,1,2,0,0,0,,,yes
1334,0,0,1,2,0,0,3,0,0,0,,,no
1335,0,1,0,2,1,0,2,1,1,0,,,yes
1336,0,1,0,2,0,0,0,2,0,0,,,yes
1337,0,0,0,0,0,1,0,1,0,0,,,no
1338,0,0,0,0,0,0,1,0,0,0,,,yes
1339,0,0,0,3,0,0,1,1,0,0,,,no
1340,0,0,2,1,0,0,0,1,0,0,,,yes
1341,0,1,0,3,1,0,1,2,0,0,,,no
1342,0,2,0,1,0,0,2,0,0,0,,,yes
1343,1,1,0,3,0,1,0,0,0,0,,,no
1344,0,2,0,0,0,0,0,0,0,0,,,yes
1345,0,1,0,2,1,0,1,1,1,0,,,no
1346,0,1,0,3,0,1,2,0,0,0,,,yes
1347,0,1,1,3,0,0,0,0,1,0,,,no
1348,0,1,0,1,0,1,0,1,0,0,,,yes
1349,0,0,1,1,0,0,1,0,0,0,,,no
1350,0,1,0,1,0,1,0,1,0,0,,,no
1351,1,3,1,3,0,1,1,0,1,0,,,yes
1352,0,1,0,1,0,0,1,0,0,0,,,yes
1353,0,0,2,1,0,2,2,0,0,0,,,no
1354,0,0,0,1,0,1,1,1,1,0,,,no
1355,0,0,0,2,0,0,1,0,1,0,,,yes
1356,0,1,0,2,1,0,0,0,0,0,,,no
1357,0,1,0,0,1,0,1,0,0,0,,,yes
1358,0,1,0,0,0,0,2,0,0,0,,,no
1359,0,0,0,1,1,0,0,0,0,0,,,no
1360,0,0,0,0,0,0,0,0,0,0,,,no
1361,0,0,1,2,0,0,1,0,0,0,,,yes
1362,0,1,0,1,0,0,1,2,0,0,,,yes
1363,0,0,1,1,0,2,1,0,0,0,,,no
1364,0,0,0,1,0,0,0,0,0,0,,,no
1365,0,0,0,1,0,0,1,0,0,0,,,yes
1366,0,2,0,2,0,0,1,0,0,0,,,yes
1367,0,0,1,1,0,0,2,0,1,0,,,no
1368,0,0,0,2,1,0,3,1,0,0,,,no
1369,0,0,0,2,2,1,0,0,0,0,,,yes
1370,0,4,1,4,0,0,0,1,0,0,,,no
1371,0,0,0,0,0,2,1,0,0,0,,,yes
1372,0,1,0,2,0,1,0,0,0,0,,,no
1373,0,1,0,1,0,1,0,0,0,0,,,yes
1374,0,0,1,3,1,0,0,0,1,0,,,no
1375,0,1,0,0,1,0,0,0,0,0,,,yes
1376,0,1,2,1,0,0,1,1,0,0,,,yes
1377,0,0,0,1,0,1,0,0,0,0,,,no
1378,0,0,0,1,0,1,1,2,0,0,,,yes
1379,0,1,0,1,0,0,2,0,0,0,,,no
1380,0,1,1,2,1,0,1,0,0,0,,,no
1381,0,1,0,1,0,0,0,0,0,0,,,yes
1382,0,2,0,0,1,1,0,0,0,0,,,yes
1383,0,0,0,2,0,0,1,0,0,0,,,no
1384,0,0,1,2,0,0,2,0,0,0,,,no
1385,0,2,1,1,0,0,1,1,0,0,,,yes
1386,0,1,0,3,0,0,1,0,0,0,,,yes
1387,0,2,0,2,0,0,0,0,0,0,,,no
1388,0,0,1,0,0,0,0,0,0,0,,,yes
1389,0,2,0,3,0,1,0,0,1,0,,,no
1390,0,1,0,3,0,0,0,0,1,0,,,yes
1391,0,2,0,3,0,0,1,1,1,0,,,no
1392,0,2,0,2,0,0,1,2,0,0,,,no
1393,0,2,0,1,1,0,0,0,0,0,,,yes
1394,0,0,1,1,0,0,1,1,0,0,,,no
1395,0,0,0,2,0,0,1,0,0,0,,,yes
1396,0,1,0,1,0,1,0,0,0,0,,,no
1397,0,2,0,2,0,1,1,0,0,0,,,yes
1398,1,1,0,3,0,1,1,0,0,0,,,no
1399,0,2,0,1,0,0,2,0,0,0,,,yes
1400,0,4,2,0,2,0,2,0,2,0,,,no
1401,0,2,0,4,0,0,0,2,0,0,,,yes
1402,0,1,1,0,0,0,1,0,0,0,,,yes
1403,0,1,0,1,1,0,1,0,0,0,,,no
1404,0,0,0,1,0,0,0,1,0,0,,,yes
1405,0,1,1,0,0,0,1,0,0,0,,,no
1406,0,0,1,1,0,0,2,1,0,0,,,no
1407,0,2,0,1,0,1,1,0,0,0,,,yes
1408,0,2,1,1,0,0,0,0,0,0,,,yes
1409,0,1,0,3,0,3,1,0,0,0,,,no
1410,0,0,0,0,0,0,1,0,0,0,,,no
1411,0,0,1,3,1,0,0,0,0,0,,,yes
1412,0,3,0,1,0,0,0,1,0,0,,,no
1413,0,1,0,1,0,0,0,1,0,0,,,yes
1414,0,0,0,0,0,0,1,0,0,0,,,yes
1415,0,0,0,1,0,1,2,0,0,0,,,no
1416,0,1,0,1,0,0,1,1,0,0,,,no
1417,0,0,0,1,1,0,0,0,0,0,,,yes
1418,0,1,1,1,0,0,0,1,0,0,,,no
1419,0,0,0,1,0,0,1,1,0,0,,,yes
1420,0,0,1,0,0,0,0,0,0,0,,,no
1421,0,1,0,2,1,1,0,0,0,0,,,no
1422,0,0,0,1,0,0,1,0,0,0,,,yes
1423,0,0,1,1,0,1,3,1,0,0,,,no
1424,0,0,0,1,1,0,2,0,0,0,,,no
1425,0,0,2,2,0,0,0,0,0,0,,,no
1426,0,0,0,1,0,1,0,0,2,0,,,yes
1427,0,1,0,2,0,0,1,1,1,0,,,no
1428,0,0,1,1,1,0,1,0,0,0,,,no
1429,1,0,0,1,1,0,1,0,0,0,,,yes
1430,0,0,2,0,0,0,0,0,0,0,,,no
1431,0,0,1,2,1,0,1,0,0,0,,,yes
1432,0,2,0,3,0,1,1,0,0,0,,,no
1433,0,0,0,2,0,1,1,0,0,0,,,yes
1434,0,1,1,0,0,0,0,0,0,0,,,yes
1435,0,0,0,2,0,0,2,2,0,0,,,no
1436,0,2,0,1,0,0,1,0,0,0,,,no
1437,0,2,0,2,0,0,2,0,0,0,,,yes
1438,0,0,0,2,0,0,1,0,0,0,,,no
1439,0,0,0,0,0,0,0,0,0,0,,,yes
1440,0,1,0,0,2,0,4,1,0,0,,,yes
1441,0,0,0,1,0,0,2,1,0,0,,,no
1442,0,2,0,3,0,0,1,0,0,0,,,no
1443,0,1,2,0,0,0,2,1,0,0,,,yes
1444,0,0,1,1,1,1,2,1,0,0,,,no
1445,0,0,0,1,0,0,1,0,0,0,,,yes
1446,0,0,0,3,0,0,0,1,0,0,,,no
1447,0,1,0,1,0,0,2,1,0,0,,,yes
1448,0,4,0,1,0,0,0,1,0,0,,,no
1449,0,2,0,1,0,0,4,0,0,0,,,yes
1450,2,0,0,1,0,2,0,1,0,0,,,yes
1451,0,0,0,3,0,0,2,1,0,0,,,no
1452,0,0,0,1,0,0,0,0,0,0,,,yes
1453,0,2,0,2,0,1,1,1,0,0,,,no
1454,0,1,0,2,0,0,0,0,0,0,,,no
1455,0,3,1,0,0,0,1,0,0,0,,,yes
1456,0,2,0,0,0,0,0,0,0,0,,,yes
1457,0,0,0,2,1,0,2,0,0,0,,,no
1458,0,0,0,2,0,0,1,0,0,0,,,no
1459,0,3,0,0,0,0,0,0,0,0,,,no
1460,0,0,0,1,0,0,0,1,0,0,,,no
1461,0,2,0,2,0,0,1,0,0,0,,,yes
1462,0,0,1,2,0,1,1,0,0,0,,,yes
1463,0,2,0,3,0,1,0,0,0,0,,,no
1464,0,1,0,0,0,0,1,0,0,0,,,no
1465,1,2,0,3,0,0,1,2,0,0,,,yes
1466,0,1,0,2,0,1,1,1,0,0,,,no
1467,0,0,0,0,0,1,0,0,0,0,,,yes
1468,0,0,1,1,0,0,1,1,1,0,,,yes
1469,0,0,0,2,0,2,1,0,0,0,,,no
1470,0,0,0,1,0,1,3,0,0,0,,,no
1471,0,2,0,1,0,0,0,1,0,0,,,yes
1472,0,1,1,1,0,0,2,0,0,0,,,yes
1473,0,0,0,2,0,0,0,0,0,0,,,no
1474,0,0,1,3,0,1,0,3,0,0,,,no
1475,0,2,0,1,0,0,0,0,0,0,,,yes
1476,0,1,0,1,0,0,1,0,0,0,,,no
1477,0,1,0,1,1,2,1,0,0,0,,,yes
1478,0,3,0,1,0,0,3,0,0,0,,,yes
1479,0,0,1,1,0,1,2,0,0,0,,,no
1480,0,0,0,0,0,0,1,0,0,0,,,no
1481,0,0,1,1,1,0,3,0,0,0,,,yes
1482,0,0,0,1,0,0,1,0,0,0,,,yes
1483,0,4,0,2,0,0,0,1,0,0,,,no
1484,0,0,0,1,1,0,1,1,0,0,,,yes
1485,1,0,0,2,0,0,1,0,0,0,,,no
1486,0,0,0,0,1,1,2,1,0,0,,,yes
1487,0,1,1,1,0,1,1,0,0,0,,,no
1488,0,1,0,2,0,0,1,0,0,0,,,no
1489,0,1,3,0,0,0,3,0,0,0,,,yes
1490,0,1,0,1,0,0,0,1,0,0,,,no
1491,0,2,0,0,1,0,0,0,0,0,,,yes
1492,0,3,0,2,0,1,0,0,0,0,,,yes
1493,0,1,0,2,0,1,1,1,0,0,,,no
1494,1,0,0,1,0,1,0,0,0,0,,,no
1495,0,0,0,3,1,2,0,0,2,0,,,yes
1496,0,0,2,2,0,1,1,0,0,0,,,yes
1497,1,0,1,3,0,1,0,0,0,0,,,no
1498,0,3,0,3,0,0,2,1,0,0,,,no
1499,0,0,1,0,0,1,0,0,0,0,,,yes
1500,0,1,0,1,0,1,1,0,0,0,,,no
1501,1,0,1,2,0,0,0,1,0,0,,,yes
1502,0,1,1,0,0,0,1,3,0,0,,,yes
1503,0,1,1,1,0,1,1,0,0,0,,,no
1504,1,1,0,0,1,0,1,0,0,0,,,yes
1505,0,0,0,2,1,0,1,0,0,0,,,no
1506,0,2,1,2,0,0,0,1,0,0,,,no
1507,0,1,0,1,0,0,1,0,0,0,,,yes
1508,0,0,0,2,0,0,0,0,0,0,,,yes
1509,0,2,0,2,0,1,0,0,0,0,,,no
1510,0,0,0,0,0,1,0,0,0,0,,,no
1511,0,1,0,1,0,0,2,0,0,0,,,yes
1512,0,0,0,2,0,0,0,0,0,0,,,no
1513,0,1,0,0,1,0,0,0,0,0,,,yes
1514,0,1,0,1,0,0,0,0,0,0,,,no
1515,0,0,2,1,0,1,2,0,0,0,,,yes
1516,0,2,1,3,1,0,2,0,0,0,,,no
1517,0,0,1,1,0,1,3,0,0,0,,,yes
1518,0,1,0,1,0,0,1,0,0,0,,,yes
1519,0,4,0,0,0,1,2,0,0,0,,,no
1520,0,0,0,1,0,0,1,1,0,0,,,yes
1521,0,0,0,1,0,1,0,0,0,0,,,no
1522,0,0,1,2,0,0,1,1,0,0,,,yes
1523,0,0,1,2,0,0,0,0,0,0,,,no
1524,0,0,0,2,0,0,0,0,1,0,,,no
1525,1,0,0,1,0,0,0,1,0,0,,,yes
1526,0,2,1,1,0,0,2,0,0,0,,,yes
1527,0,1,1,3,0,0,2,0,0,0,,,no
1528,0,0,1,1,1,0,2,2,0,0,,,no
1529,0,2,1,2,0,0,2,0,0,0,,,yes
1530,0,0,1,3,0,1,3,0,0,0,,,no
1531,1,2,0,1,0,0,1,0,0,0,,,yes
1532,0,3,0,0,0,0,0,0,0,0,0.0,,no
1533,0,0,0,1,0,1,1,0,0,0,,,no
1534,0,2,0,1,0,0,1,0,0,0,,,no
1535,0,0,0,0,1,0,1,0,0,0,,,yes
1536,0,0,0,1,0,0,0,1,0,0,,,yes
1537,0,1,1,3,0,0,1,0,0,0,,,no
1538,0,3,0,3,0,0,1,0,1,0,,,yes
1539,0,2,0,0,0,0,0,0,0,0,,,no
1540,0,2,0,0,0,0,1,0,0,0,,1.0,no
1541,0,3,0,3,0,0,0,0,0,0,,,no
1542,1,0,0,1,2,1,1,0,0,0,,,yes
1543,0,1,0,3,0,1,2,0,0,0,,,no
1544,0,2,0,1,0,1,0,1,0,0,,,yes
1545,0,0,0,1,0,2,0,0,0,0,,,no
1546,0,0,1,1,0,1,2,1,0,0,,,yes
1547,0,0,1,1,0,0,1,0,0,0,,,no
1548,1,0,0,1,0,0,1,1,0,0,,,yes
1549,0,0,0,2,0,1,2,0,1,0,,,no
1550,0,3,1,1,0,0,1,0,0,0,,,no
1551,0,0,0,1,1,0,0,0,0,0,,,yes
1552,0,0,1,0,0,0,1,1,0,0,,,yes
1553,0,0,0,1,0,0,1,0,0,0,,,no
1554,0,1,0,3,0,0,0,0,0,0,,,yes
1555,0,1,1,0,0,1,3,0,0,0,,,no
1556,0,2,1,0,0,0,1,0,0,0,,,no
1557,1,1,0,2,0,1,1,0,0,0,,,yes
1558,0,0,1,1,0,0,2,0,0,0,,,yes
1559,0,1,0,1,0,0,0,0,0,0,,,no
1560,0,1,0,3,0,0,1,1,0,0,,,no
1561,1,0,0,1,0,0,0,0,0,0,,,yes
1562,0,0,0,2,1,0,0,0,0,0,,,no
1563,1,0,1,0,1,2,2,0,0,0,,,yes
1564,0,0,0,1,0,0,0,0,0,0,,,no
1565,0,2,0,1,0,1,1,1,0,0,,,yes
1566,0,1,1,3,0,0,2,0,0,0,,,yes
1567,0,0,0,1,1,0,1,0,0,0,,,no
1568,0,1,0,2,0,0,1,0,0,0,,,yes
1569,0,0,0,0,0,0,3,0,0,0,,,no
1570,0,0,0,3,0,0,0,1,0,0,,,no
1571,0,0,0,0,1,2,1,1,0,0,,,yes
1572,0,2,0,1,0,1,2,0,0,0,,,yes
1573,0,0,0,1,1,1,1,0,0,0,,,no
1574,0,1,0,3,0,0,1,0,0,0,,,no
1575,0,1,0,1,1,0,2,0,0,0,,,no
1576,0,1,1,1,1,0,0,0,0,0,,,yes
1577,0,0,0,0,0,1,0,0,0,0,,,no
1578,0,3,0,1,0,0,0,1,0,0,,,no
1579,0,1,0,1,1,1,1,0,0,0,,,yes
1580,0,0,1,1,1,1,1,0,0,0,,,no
1581,0,1,0,0,1,0,2,0,0,0,,,yes
1582,0,0,0,2,0,1,1,0,1,0,,,no
1583,0,1,0,2,0,0,0,0,1,0,,,yes
1584,0,1,1,1,0,0,1,1,0,0,,,no
1585,0,0,0,0,1,0,0,0,0,0,,,yes
1586,0,1,0,3,0,0,0,2,0,0,,,no
1587,0,1,0,1,0,0,2,1,0,0,,,yes
1588,0,3,0,3,0,0,0,0,0,0,,,yes
1589,0,0,0,1,0,1,1,0,0,0,,,no
1590,0,0,0,1,0,1,0,2,0,0,,,no
1591,1,1,0,2,0,0,2,1,0,0,,,yes
1592,0,0,1,0,1,0,0,0,0,0,,,no
1593,0,1,0,2,0,0,2,0,0,0,,,yes
1594,0,2,0,1,0,1,0,3,0,0,,,yes
1595,0,0,0,2,0,0,1,0,0,0,,,no
1596,0,0,0,3,2,1,2,1,0,0,,,yes
1597,0,3,0,0,0,0,0,0,0,0,,,no
1598,0,0,0,1,0,0,1,0,0,0,,,no
1599,0,0,0,2,0,1,0,0,0,0,,,yes
1600,0,0,0,6,0,0,0,0,0,0,,,no
1601,0,2,0,2,2,0,0,0,2,0,,,no
1602,0,4,0,2,1,0,3,0,0,0,,,yes
1603,0,0,3,1,0,1,1,1,0,0,,,no
1604,0,2,0,0,0,0,0,0,0,0,,,no
1605,0,0,0,1,0,1,1,0,0,0,,,yes
1606,0,1,0,0,0,0,3,0,0,0,,,no
1607,0,1,0,2,0,0,3,1,0,0,,,yes
1608,0,1,0,0,0,0,0,0,0,0,,,no
1609,0,1,0,1,0,0,0,0,0,0,,,yes
1610,0,1,0,1,0,3,0,1,0,0,,,no
1611,0,0,0,1,0,0,2,2,0,0,,,yes
1612,0,0,0,1,0,0,2,0,0,0,,,no
1613,0,1,0,0,0,0,0,1,0,0,,,yes
1614,0,0,1,0,0,2,0,0,0,0,,,no
1615,0,1,0,1,0,0,0,0,0,0,,,yes
1616,0,2,0,3,0,0,1,0,0,0,,,yes
1617,0,1,3,0,0,0,0,1,0,0,,,no
1618,0,1,0,2,0,0,1,2,0,0,,,no
1619,0,0,2,1,0,0,1,0,0,0,,,yes
1620,1,3,0,2,0,0,0,1,0,0,,,yes
1621,0,1,0,1,0,1,0,0,0,0,,,no
1622,0,3,0,3,0,0,1,1,1,0,,,no
1623,0,2,0,1,0,0,0,0,0,0,,,yes
1624,0,3,0,1,1,0,0,1,0,0,,,yes
1625,0,0,0,2,1,1,0,0,0,0,,,no
1626,0,1,0,3,0,0,1,0,1,0,,,yes
1627,0,0,0,1,1,0,1,1,0,0,,,no
1628,0,0,1,0,0,1,0,0,0,0,,,no
1629,0,1,0,2,0,0,2,0,0,0,,,yes
1630,0,1,1,2,0,0,1,0,0,0,,,no
1631,0,0,0,0,0,0,1,1,0,0,,,yes
1632,0,3,0,1,1,0,0,1,0,0,,,yes
1633,0,0,0,3,0,1,0,0,1,0,,,no
1634,0,0,0,0,0,0,1,1,0,0,,,no
1635,0,0,1,2,1,0,1,0,0,0,,,yes
1636,0,1,0,0,0,0,1,1,0,0,,,no
1637,0,1,0,1,0,0,4,1,0,0,,,yes
1638,0,0,0,0,0,0,2,0,0,0,,,no
1639,0,0,1,1,1,1,0,0,0,0,,,yes
1640,0,1,0,2,0,1,0,0,0,0,,,no
1641,0,1,0,2,0,0,0,0,0,0,,,yes
1642,0,1,0,1,0,1,0,0,0,0,,,yes
1643,0,0,0,0,0,0,3,1,0,0,,,no
1644,0,0,2,0,0,2,0,1,0,0,,,yes
1645,0,1,1,3,0,0,0,0,0,0,,,no
1646,0,2,0,1,0,0,0,0,0,0,,,no
1647,0,0,1,3,0,2,1,0,0,0,,,no
1648,0,1,0,1,1,0,2,0,0,0,,,no
1649,0,2,0,1,1,0,0,0,0,0,,,yes
1650,1,1,1,0,0,0,0,0,0,0,,,yes
1651,0,0,0,5,0,1,2,0,0,0,,,no
1652,0,1,2,1,0,0,0,0,0,0,,,no
1653,0,0,1,2,0,1,1,0,0,0,,,yes
1654,0,2,0,1,0,0,1,0,0,0,,,no
1655,0,1,0,3,0,0,1,0,0,0,,,yes
1656,0,0,0,2,0,1,1,0,0,0,,,yes
1657,0,3,1,0,0,0,0,0,0,0,,,no
1658,0,3,0,4,1,0,0,2,4,0,,,yes
1659,0,1,0,1,0,0,0,0,6,0,,,no
1660,0,1,0,2,0,0,1,1,0,0,,,no
1661,0,0,0,0,1,0,0,0,0,0,,,yes
1662,0,1,0,1,0,1,1,1,0,0,,,no
1663,0,0,0,1,0,0,1,0,0,0,,,no
1664,0,0,0,3,0,0,0,0,0,0,,,no
1665,0,0,0,1,1,0,1,3,0,0,,,yes
1666,1,2,0,3,1,0,1,0,0,0,,,yes
1667,0,0,0,2,0,2,0,1,0,0,,,no
1668,0,3,1,3,0,0,0,1,0,0,,,yes
1669,0,1,1,1,1,1,1,0,1,0,,,no
1670,0,0,0,1,0,0,0,0,0,0,,,yes
1671,1,1,0,1,2,0,1,1,0,0,,,no
1672,0,1,0,2,0,0,0,2,0,0,,,no
1673,0,0,1,0,1,0,3,0,0,0,,,yes
1674,0,1,2,2,0,0,0,0,0,0,,,no
1675,0,1,0,0,0,0,1,0,0,0,,,yes
1676,0,0,1,1,0,0,0,1,0,0,,,yes
1677,0,2,0,1,0,0,2,1,0,0,,,no
1678,1,1,0,2,0,0,0,2,0,0,,,yes
1679,0,0,1,3,0,0,0,0,0,0,,,no
1680,0,0,0,2,0,1,0,1,0,0,,,no
1681,0,2,1,0,2,1,1,1,1,0,,,yes
1682,0,0,0,1,0,0,1,0,0,0,,,no
1683,0,2,1,1,0,0,1,0,0,0,,,yes
1684,0,3,0,2,1,1,2,0,0,0,,,no
1685,0,1,0,1,0,2,1,0,0,0,,,yes
1686,0,0,1,1,0,0,1,1,0,0,,,yes
1687,1,0,0,1,0,0,1,0,0,0,,,no
1688,0,0,1,1,0,0,0,0,0,0,,,yes
1689,1,0,0,1,0,0,0,0,0,0,,,no
1690,0,1,0,1,0,0,2,0,0,0,,,no
1691,0,0,1,1,0,0,1,0,1,0,,,yes
1692,0,1,0,0,0,0,2,0,0,0,,,no
1693,1,0,0,2,0,0,0,0,0,0,,,yes
1694,0,0,1,0,0,1,2,0,0,0,,,no
1695,0,2,0,1,1,0,1,1,0,0,,,yes
1696,0,1,0,2,0,0,0,0,0,0,,,no
1697,0,1,0,1,0,1,0,0,0,0,,,yes
1698,0,1,0,1,1,0,1,1,0,0,,,no
1699,0,1,0,0,0,0,1,1,0,0,,,yes
1700,0,0,0,2,0,0,1,0,0,0,,,no
1701,0,2,0,0,1,0,2,0,0,0,,,yes
1702,0,1,0,1,0,0,2,0,0,0,,,yes
1703,0,1,0,1,0,0,0,0,0,0,,,no
1704,0,2,0,1,0,0,0,0,0,0,,,yes
1705,0,0,0,1,0,2,0,1,0,0,,,no
1706,0,0,0,1,0,2,2,1,0,0,,,yes
1707,0,2,0,1,1,0,0,0,0,0,,,no
1708,0,0,2,2,0,0,2,0,0,0,,,no
1709,0,1,2,2,0,1,4,0,0,0,,,yes
1710,0,0,1,3,0,1,0,0,2,0,,,no
1711,0,1,0,1,0,0,0,0,1,0,,,yes
1712,0,1,0,0,0,0,0,1,0,0,,,no
1713,0,2,1,3,0,1,0,0,0,0,,,yes
1714,0,0,0,1,0,1,2,0,0,0,,,no
1715,0,1,0,1,1,1,1,0,0,0,,,yes
1716,0,1,0,1,0,0,0,0,0,0,,,no
1717,0,0,0,0,0,0,1,3,0,0,,,yes
1718,0,0,1,2,1,0,2,2,0,0,,,yes
1719,2,0,0,2,0,0,2,0,0,0,,,no
1720,0,1,0,1,1,0,0,2,0,0,,,no
1721,0,2,0,2,0,1,2,1,0,0,,,yes
1722,0,2,0,1,0,1,1,2,0,0,,,no
1723,0,0,2,3,0,0,3,0,0,0,,,yes
1724,0,1,0,1,0,0,1,0,0,0,,,yes
1725,0,0,0,1,0,0,2,0,0,0,,,no
1726,0,0,0,2,0,0,2,0,0,0,,,no
1727,0,1,0,1,0,0,0,0,0,0,,,yes
1728,0,0,0,1,0,0,0,0,0,0,,,no
1729,0,0,0,1,0,0,1,0,0,0,,,yes
1730,0,0,1,0,0,0,4,0,0,0,,,no
1731,0,1,0,2,0,0,1,0,0,0,,,yes
1732,0,2,0,2,0,0,0,0,0,0,,,yes
1733,0,1,1,0,0,0,0,0,0,0,,,no
1734,0,2,0,1,0,0,2,1,0,0,,,yes
1735,0,2,0,2,0,1,0,0,0,0,,,no
